No.,Kode Produk,Nama Produk,Kategori,Jumlah,Harga Pembelian (Rp),Harga Jual (Rp)
1,CH-K16-M1,CUSTOM LUBANG-MANGKOK GANDA CUSTOM,2.1 CH-MANGKOK GANDA CUSTOM,47,59.000,124.500
2,CH-KVY-M1,CUSTOM LUBANG-MANGKOK GANDA CUSTOM,2.1 CH-MANGKOK GANDA CUSTOM,95,56.500,116.200
3,CH-KVB-M1,CUSTOM LUBANG-MANGKOK GANDA CUSTOM,2.1 CH-MANGKOK GANDA CUSTOM,34,64.500,136.950
4,CH-K16-M2,CUSTOM NEW-MANGKOK GANDA,2.1 CH-MANGKOK GANDA CUSTOM,13,59.000,95.450
5,CH-KVY-M2,CUSTOM NEW-MANGKOK GANDA,2.1 CH-MANGKOK GANDA CUSTOM,69,56.500,91.300
6,CH-KVB-M2,CUSTOM NEW-MANGKOK GANDA,2.1 CH-MANGKOK GANDA CUSTOM,12,64.500,103.750
7,CH-KVY-M1-KS,KARTEL SILANG-MANGKOK GANDA CUSTOM,2.1 CH-MANGKOK GANDA CUSTOM,59,71.500,132.800
8,CH-KVY-M1-KL,KARTEL LURUS-MANGKOK GANDA CUSTOM,2.1 CH-MANGKOK GANDA CUSTOM,4,71.500,128.650
9,CH-KVY-M1-KM,KARTEL MIRING-MANGKOK GANDA CUSTOM,2.1 CH-MANGKOK GANDA CUSTOM,2,71.500,128.650
10,CH-K16-M1-KS,KARTEL SILANG-MANGKOK GANDA CUSTOM,2.1 CH-MANGKOK GANDA CUSTOM,5,74.000,141.100
11,CH-K16-M1-KL,KARTEL LURUS-MANGKOK GANDA CUSTOM,2.1 CH-MANGKOK GANDA CUSTOM,9,74.000,136.950
12,CH-K16-M1-KM,KARTEL MIRING-MANGKOK GANDA CUSTOM,2.1 CH-MANGKOK GANDA CUSTOM,52,74.000,136.950
13,CH-KVB-M1-KS,KARTEL SILANG-MANGKOK GANDA CUSTOM,2.1 CH-MANGKOK GANDA CUSTOM,2,79.500,153.550
14,CH-KVB-M1-KL,KARTEL LURUS-MANGKOK GANDA CUSTOM,2.1 CH-MANGKOK GANDA CUSTOM,14,79.500,149.400
15,CH-KVB-M1-KM,KARTEL MIRING-MANGKOK GANDA CUSTOM,2.1 CH-MANGKOK GANDA CUSTOM,3,79.500,149.400
16,CH-B65-M1,CUSTOM LUBANG-MANGKOK GANDA CUSTOM,2.1 CH-MANGKOK GANDA CUSTOM,33,64.500,132.800
17,CH-B65-M1-KS,KARTEL SILANG-MANGKOK GANDA CUSTOM,2.1 CH-MANGKOK GANDA CUSTOM,135,79.500,149.400
18,CH-B65-M1-KM,KARTEL MIRING-MANGKOK GANDA CUSTOM,2.1 CH-MANGKOK GANDA CUSTOM,1,79.500,145.250
19,CH-B65-M1-KL,KARTEL LURUS-MANGKOK GANDA CUSTOM,2.1 CH-MANGKOK GANDA CUSTOM,13,79.500,145.250
20,CH-B65-M2,CUSTOM NEW-MANGKOK GANDA,2.1 CH-MANGKOK GANDA CUSTOM,246,64.500,103.750
21,CH-2SX-M1,CUSTOM LUBANG-MANGKOK GANDA CUSTOM,2.1 CH-MANGKOK GANDA CUSTOM,29,108.000,141.100
22,CH-2SX-M1-KS,KARTEL SILANG-MANGKOK GANDA CUSTOM,2.1 CH-MANGKOK GANDA CUSTOM,50,123.000,157.700
23,CH-2SX-M1-KL,KARTEL LURUS-MANGKOK GANDA CUSTOM,2.1 CH-MANGKOK GANDA CUSTOM,16,123.000,153.550
24,CH-2SX-M1-KM,KARTEL MIRING-MANGKOK GANDA CUSTOM,2.1 CH-MANGKOK GANDA CUSTOM,36,123.000,153.550
25,CH-2SX-M2,CUSTOM NEW-MANGKOK GANDA,2.1 CH-MANGKOK GANDA CUSTOM,0,108.000,125.000
26,CH-54P-M1,CUSTOM LUBANG-MANGKOK GANDA CUSTOM,2.1 CH-MANGKOK GANDA CUSTOM,159,53.000,124.500
27,CH-54P-M1-KS,KARTEL SILANG-MANGKOK GANDA CUSTOM,2.1 CH-MANGKOK GANDA CUSTOM,76,68.000,141.100
28,CH-54P-M1-KL,KARTEL LURUS-MANGKOK GANDA CUSTOM,2.1 CH-MANGKOK GANDA CUSTOM,1,68.000,136.950
29,CH-54P-M1-KM,KARTEL MIRING-MANGKOK GANDA CUSTOM,2.1 CH-MANGKOK GANDA CUSTOM,0,68.000,136.950
30,CH-54P-M2,CUSTOM NEW-MANGKOK GANDA,2.1 CH-MANGKOK GANDA CUSTOM,5,53.000,95.450
31,CH-5TL-M1,CUSTOM LUBANG-MANGKOK GANDA CUSTOM,2.1 CH-MANGKOK GANDA CUSTOM,53,52.500,141.100
32,CH-5TL-M1-KS,KARTEL SILANG-MANGKOK GANDA CUSTOM,2.1 CH-MANGKOK GANDA CUSTOM,0,67.500,157.700
33,CH-5TL-M1-KL,KARTEL LURUS-MANGKOK GANDA CUSTOM,2.1 CH-MANGKOK GANDA CUSTOM,0,67.500,153.550
34,CH-5TL-M1-KM,KARTEL MIRING-MANGKOK GANDA CUSTOM,2.1 CH-MANGKOK GANDA CUSTOM,0,67.500,153.550
35,CH-5TL-M2,CUSTOM NEW-MANGKOK GANDA,2.1 CH-MANGKOK GANDA CUSTOM,2,52.500,99.600
36,CH-B74-M1,CUSTOM LUBANG-MANGKOK GANDA CUSTOM,2.1 CH-MANGKOK GANDA CUSTOM,14,216.000,345.000
37,CH-B74-M1-KS,KARTEL SILANG-MANGKOK GANDA CUSTOM,2.1 CH-MANGKOK GANDA CUSTOM,12,231.000,375.000
38,CH-B74-M1-KL,KARTEL LURUS-MANGKOK GANDA CUSTOM,2.1 CH-MANGKOK GANDA CUSTOM,5,231.000,360.000
39,CH-B74-M1-KM,KARTEL MIRING-MANGKOK GANDA CUSTOM,2.1 CH-MANGKOK GANDA CUSTOM,1,231.000,360.000
40,CH-B74-M2,CUSTOM NEW-MANGKOK GANDA,2.1 CH-MANGKOK GANDA CUSTOM,32,216.000,305.000
41,CH-1LB-M1,CUSTOM LUBANG-MANGKOK GANDA CUSTOM,2.1 CH-MANGKOK GANDA CUSTOM,8,103.000,136.950
42,CH-1LB-M1-KS,KARTEL SILANG-MANGKOK GANDA CUSTOM,2.1 CH-MANGKOK GANDA CUSTOM,1,118.000,153.550
43,CH-1LB-M1-KL,KARTEL LURUS-MANGKOK GANDA CUSTOM,2.1 CH-MANGKOK GANDA CUSTOM,4,118.000,149.400
44,CH-1LB-M1-KM,KARTEL MIRING-MANGKOK GANDA CUSTOM,2.1 CH-MANGKOK GANDA CUSTOM,0,118.000,149.400
45,CH-1LB-M2,CUSTOM NEW-MANGKOK GANDA,2.1 CH-MANGKOK GANDA CUSTOM,2,103.000,125.000
46,CH-44D-M1,CUSTOM LUBANG-MANGKOK GANDA CUSTOM,2.1 CH-MANGKOK GANDA CUSTOM,18,103.000,136.950
47,CH-44D-M1-KS,KARTEL SILANG-MANGKOK GANDA CUSTOM,2.1 CH-MANGKOK GANDA CUSTOM,0,118.000,153.550
48,CH-44D-M1-KM,KARTEL MIRING-MANGKOK GANDA CUSTOM,2.1 CH-MANGKOK GANDA CUSTOM,1,118.000,149.400
49,CH-44D-M2,CUSTOM NEW-MANGKOK GANDA,2.1 CH-MANGKOK GANDA CUSTOM,16,103.000,125.000
50,FC-B74,RUMAH ROLLER BUBUT,2.2 FC-RUMAH ROLLER,71,119.000,-
51,FD-B74,KIPAS PULLEY BUBUT,2.3 FD-KIPAS PULLEY,39,55.000,-
52,FC-FD-B74,1 SET PULLEY BUBUT,2.4 FC-FD (SET PULLEY),0,195.000,320.000
53,FC-FD-2DP,1 SET PULLEY BUBUT,2.4 FC-FD (SET PULLEY),103,132.000,215.000
54,FD-2DP,KIPAS PULLEY BUBUT,2.3 FD-KIPAS PULLEY,46,37.000,-
55,FC-2DP,RUMAH ROLLER BUBUT,2.2 FC-RUMAH ROLLER,75,82.000,180.000
56,FD-2PH,KIPAS PULLEY BUBUT,2.3 FD-KIPAS PULLEY,0,32.000,-
57,FC-2PH,RUMAH ROLLER BUBUT,2.2 FC-RUMAH ROLLER,8,181.400,-
58,FC-FD-2PH,1 SET PULLEY BUBUT,2.4 FC-FD (SET PULLEY),0,204.900,280.000
59,FC-FD-2SX,1 SET PULLEY BUBUT,2.4 FC-FD (SET PULLEY),2,91.500,185.000
60,FC-2SX,RUMAH ROLLER BUBUT,2.2 FC-RUMAH ROLLER,0,49.500,-
61,FD-2SX,KIPAS PULLEY BUBUT,2.3 FD-KIPAS PULLEY,0,26.000,-
62,FC-FD-44D,1 SET PULLEY BUBUT,2.4 FC-FD (SET PULLEY),80,125.500,215.000
63,FC-44D,RUMAH ROLLER BUBUT,2.2 FC-RUMAH ROLLER,37,81.500,-
64,FD-44D,KIPAS PULLEY BUBUT,2.3 FD-KIPAS PULLEY,12,26.000,-
65,FC-FD-54P,1 SET PULLEY BUBUT,2.4 FC-FD (SET PULLEY),17,92.500,185.000
66,FC-54P,RUMAH ROLLER BUBUT,2.2 FC-RUMAH ROLLER,26,47.500,-
67,FD-54P,KIPAS PULLEY BUBUT,2.3 FD-KIPAS PULLEY,49,26.000,-
68,FC-FD-5TL,1 SET PULLEY BUBUT,2.4 FC-FD (SET PULLEY),20,112.100,205.000
69,FC-5LW,RUMAH ROLLER BUBUT,2.2 FC-RUMAH ROLLER,2,64.000,-
70,FD-5TL,KIPAS PULLEY BUBUT,2.3 FD-KIPAS PULLEY,51,30.800,-
71,FC-FD-K1Z,1 SET PULLEY BUBUT,2.4 FC-FD (SET PULLEY),5,186.500,260.000
72,FC-K1Z,RUMAH ROLLER BUBUT,2.2 FC-RUMAH ROLLER,11,119.125,240.000
73,FD-K1Z,KIPAS PULLEY BUBUT,2.3 FD-KIPAS PULLEY,4,49.875,-
74,FC-FD-K97,1 SET PULLEY,2.4 FC-FD (SET PULLEY),120,119.000,210.000
75,FC-K97,RUMAH ROLLER BUBUT,2.2 FC-RUMAH ROLLER,118,76.000,220.000
76,FD-K97,KIPAS PULLEY BUBUT,2.3 FD-KIPAS PULLEY,133,33.000,-
77,FC-FD-KZR,1 SET PULLEY BUBUT,2.4 FC-FD (SET PULLEY),27,88.500,165.000
78,FC-K36-FD-KZR,1 SET PULLEY BUBUT,2.4 FC-FD (SET PULLEY),102,88.500,180.000
79,FC-KZR,RUMAH ROLLER BUBUT,2.2 FC-RUMAH ROLLER,42,63.000,210.000
80,FC-K36,RUMAH ROLLER BUBUT,2.2 FC-RUMAH ROLLER,307,63.000,210.000
81,FD-KZR,KIPAS PULLEY BUBUT,2.3 FD-KIPAS PULLEY,49,25.000,-
82,FC-FD-K0J,1 SET PULLEY BUBUT,2.4 FC-FD (SET PULLEY),139,86.500,180.000
83,FC-K0J,RUMAH ROLLER BUBUT,2.2 FC-RUMAH ROLLER,211,68.000,180.000
84,FD-K0J,KIPAS PULLEY BUBUT,2.3 FD-KIPAS PULLEY,151,40.500,-
85,FC-FD-K44,1 SET PULLEY,2.4 FC-FD (SET PULLEY),135,88.500,185.000
86,FC-K44,RUMAH ROLLER BUBUT,2.2 FC-RUMAH ROLLER,138,59.000,180.000
87,FD-K44,KIPAS PULLEY BUBUT,2.3 FD-KIPAS PULLEY,11,28.000,-
88,FC-FD-KVY,1 SET PULLEY BUBUT,2.4 FC-FD (SET PULLEY),44,101.500,210.000
89,FC-GFM-FD-KVY,1 SET PULLEY BUBUT,2.4 FC-FD (SET PULLEY),53,95.500,210.000
90,FC-KVY,RUMAH ROLLER BUBUT,2.2 FC-RUMAH ROLLER,250,58.000,180.000
91,FC-GFM,RUMAH ROLLER BUBUT,2.2 FC-RUMAH ROLLER,248,51.500,180.000
92,FD-KVY,KIPAS PULLEY BUBUT,2.3 FD-KIPAS PULLEY,29,46.500,-
93,2DP-PLATE,RAMPLATE CUSTOM,2.5 RMP- RAMPLATE,89,43.600,52.000
94,2PH-PLATE,RAMPLATE CUSTOM,2.5 RMP- RAMPLATE,3,43.600,50.000
95,2SX-PLATE,RAMPLATE CUSTOM,2.5 RMP- RAMPLATE,30,43.600,50.000
96,44D-PLATE,RAMPLATE CUSTOM,2.5 RMP- RAMPLATE,101,43.600,50.000
97,54P-PLATE,RAMPLATE CUSTOM,2.5 RMP- RAMPLATE,199,43.600,50.000
98,5TL-PLATE,RAMPLATE CUSTOM,2.5 RMP- RAMPLATE,130,436.000,50.000
99,KVY-PLATE,RAMPLATE CUSTOM,2.5 RMP- RAMPLATE,466,22.000,32.000
100,KVB-PLATE,RAMPLATE CUSTOM,2.5 RMP- RAMPLATE,255,25.000,40.000
101,K0J-PLATE,RAMPLATE CUSTOM,2.5 RMP- RAMPLATE,234,24.000,40.000
102,KWN-PLATE,RAMPLATE CUSTOM,2.5 RMP- RAMPLATE,129,25.000,40.000
103,B74-PLATE,RAMPLATE CUSTOM,2.5 RMP- RAMPLATE,33,0,0
104,5TL-BELT-DYT,VBELT DAYTONA,2.6 DAYTONA,62,68.850,74.358
105,54P-BELT-DYT,VBELT DAYTONA,2.6 DAYTONA,45,68.850,74.358
106,2PH-BELT-DYT,VBELT DAYTONA,2.6 DAYTONA,77,86.445,93.361
107,B65-BELT-DYT,VBELT DAYTONA,2.6 DAYTONA,64,116.250,125.550
108,2DP-BELT-DYT,VBELT DAYTONA,2.6 DAYTONA,37,117.562,126.967
109,KVY-BELT-DYT,VBELT DAYTONA,2.6 DAYTONA,119,90.653,97.905
110,KZL-BELT-DYT,VBELT DAYTONA,2.6 DAYTONA,41,94.478,102.036
111,K44-BELT-DYT,VBELT DAYTONA,2.6 DAYTONA,74,94.478,102.036
112,KOJ-BELT-DYT,VBELT DAYTONA,2.6 DAYTONA,39,90.270,97.492
113,KVB-BELT-DYT,VBELT DAYTONA,2.6 DAYTONA,51,98.685,106.580
114,KZR-BELT-DYT,VBELT DAYTONA,2.6 DAYTONA,66,106.335,114.842
115,K36-BELT-DYT,VBELT DAYTONA,2.6 DAYTONA,98,117.810,127.235
116,KVY-KG-DYT,KAMPAS GANDA DAYTONA,2.6 DAYTONA,90,118.500,127.980
117,K44-KG-DYT,KAMPAS GANDA DAYTONA,2.6 DAYTONA,98,114.750,123.930
118,54P-KG-DYT,KAMPAS GANDA DAYTONA,2.6 DAYTONA,64,145.350,156.978
119,2PH-KG-DYT,KAMPAS GANDA DAYTONA,2.6 DAYTONA,38,161.400,174.312
120,2DP-KG-DYT,KAMPAS GANDA DAYTONA,2.6 DAYTONA,5,164.475,177.633
121,K16-KG-DYT,KAMPAS GANDA DAYTONA,2.6 DAYTONA,48,156.825,169.371
122,B74-KG-DYT,KAMPAS GANDA DAYTONA,2.6 DAYTONA,1,344.250,371.790
123,5TL-FTR-DYT,FILTER DAYTONA,2.6 DAYTONA,12,33.300,35.964
124,54P-FTR-DYT,FILTER DAYTONA,2.6 DAYTONA,7,35.550,38.394
125,2PH-FTR-DYT,FILTER DAYTONA,2.6 DAYTONA,10,32.550,35.154
126,B65-FTR-DYT,FILTER DAYTONA,2.6 DAYTONA,14,42.075,45.441
127,2DP-FTR-DYT,FILTER DAYTONA,2.6 DAYTONA,13,40.575,43.821
128,KVY-FTR-DYT,FILTER DAYTONA,2.6 DAYTONA,19,34.800,37.584
129,MIO-07-GR,ROLLER PLATINUM,2.18 PLATINUM,0,22.500,52.500
130,K16-FTR-DYT,FILTER DAYTONA,2.6 DAYTONA,4,34.800,37.584
131,MIO-08-GR,ROLLER PLATINUM,2.18 PLATINUM,0,22.500,52.500
132,KOJ-FTR-DYT,FILTER DAYTONA,2.6 DAYTONA,7,40.575,43.821
133,MIO-09-GR,ROLLER PLATINUM,2.18 PLATINUM,1212,22.500,52.500
134,KVB-FTR-DYT,FILTER DAYTONA,2.6 DAYTONA,11,38.625,41.715
135,MIO-10-GR,ROLLER PLATINUM,2.18 PLATINUM,0,22.500,52.500
136,KZR-FTR-DYT,FILTER DAYTONA,2.6 DAYTONA,13,46.350,50.058
137,NMAX-07-GR,ROLLER PLATINUM,2.18 PLATINUM,0,22.500,57.500
138,K97-FTR-DYT,FILTER DAYTONA,2.6 DAYTONA,26,57.375,61.965
139,NMAX-08-GR,ROLLER PLATINUM,2.18 PLATINUM,0,22.500,57.500
140,NMAX-09-GR,ROLLER PLATINUM,2.18 PLATINUM,681,22.500,57.500
141,NMAX-10-GR,ROLLER PLATINUM,2.18 PLATINUM,816,22.500,57.500
142,NMAX-11-GR,ROLLER PLATINUM,2.18 PLATINUM,360,22.500,57.500
143,NMAX-12-GR,ROLLER PLATINUM,2.18 PLATINUM,263,22.500,57.500
144,PCX-08-GR,ROLLER PLATINUM,2.18 PLATINUM,0,22.500,57.500
145,PCX-09-GR,ROLLER PLATINUM,2.18 PLATINUM,462,22.500,57.500
146,PCX-10-GR,ROLLER PLATINUM,2.18 PLATINUM,399,22.500,57.500
147,PCX-11-GR,ROLLER PLATINUM,2.18 PLATINUM,637,22.500,57.500
148,PCX-12-GR,ROLLER PLATINUM,2.18 PLATINUM,126,22.500,57.500
149,PCX-13-GR,ROLLER PLATINUM,2.18 PLATINUM,312,22.500,57.500
150,PCX-14-GR,ROLLER PLATINUM,2.18 PLATINUM,156,22.500,57.500
151,PCX-15-GR,ROLLER PLATINUM,2.18 PLATINUM,172,57.500,52.500
152,3389-BSI-DYT,BUSI DAYTONA,2.6 DAYTONA,42,15.428,18.020
153,3391-BSI-DYT,BUSI DAYTONA,2.6 DAYTONA,0,12.750,13.770
154,3394-BSI-DYT,BUSI DAYTONA,2.6 DAYTONA,18,75.750,81.810
155,K44-07-GR,ROLLER PLATINUM,2.18 PLATINUM,0,22.500,52.500
156,K44-08-GR,ROLLER PLATINUM,2.18 PLATINUM,0,22.500,52.500
157,K44-09-GR,ROLLER PLATINUM,2.18 PLATINUM,369,22.500,52.500
158,K44-10-GR,ROLLER PLATINUM,2.18 PLATINUM,333,22.500,52.500
159,K44-11-GR,ROLLER PLATINUM,2.18 PLATINUM,411,22.500,52.500
160,K44-12-GR,ROLLER PLATINUM,2.18 PLATINUM,254,22.500,52.500
161,K44-13-GR,ROLLER PLATINUM,2.18 PLATINUM,0,22.500,52.500
162,5239-KBS-DYT,KEPALA BUSI DAYTONA L,2.6 DAYTONA,26,37.500,40.500
163,KVY-07-GR,ROLLER PLATINUM,2.18 PLATINUM,0,22.500,52.500
164,KVY-08-GR,ROLLER PLATINUM,2.18 PLATINUM,0,22.500,52.500
165,KVY-09-GR,ROLLER PLATINUM,2.18 PLATINUM,0,22.500,52.500
166,KVY-10-GR,ROLLER PLATINUM,2.18 PLATINUM,0,22.500,52.500
167,5299-KBS-DYT,KEPALA BUSI DAYTONA P,2.6 DAYTONA,50,41.250,44.550
168,MIO-07-BRT,ROLLER BRT,2.7 BRT,65,58.075,62.721
169,PCX-PS-DYT,PIECE SLIDER DAYTONA 5016,2.6 DAYTONA,279,24.000,25.920
170,NMAX-PS-DYT,PIECE SLIDER DAYTONA 5017,2.6 DAYTONA,36,24.000,25.920
171,BEAT-PS-DYT,PIECE SLIDER DAYTONA 5014,2.6 DAYTONA,58,24.000,25.920
172,MIO-08-BRT,ROLLER BRT,2.7 BRT,107,58.075,62.721
173,MIO-09-BRT,ROLLER BRT,2.7 BRT,72,58.075,62.721
174,MIO-10-BRT,ROLLER BRT,2.7 BRT,82,58.075,62.721
175,4903-REM-DYT,KAMPAS REM DEPAN DAYTONA,2.6 DAYTONA,2,29.250,31.590
176,NMAX-09-BRT,ROLLER BRT,2.7 BRT,86,66.625,71.955
177,4072-REM-DYT,KAMPAS REM DEPAN DAYTONA,2.6 DAYTONA,10,29.250,31.590
178,4069-REM-DYT,KAMPAS REM DEPAN DAYTONA,2.6 DAYTONA,12,29.250,31.590
179,4068-REM-DYT,KAMPAS REM BELAKANG DAYTONA,2.6 DAYTONA,21,29.250,31.590
180,4073-REM-DYT,KAMPAS REM BELAKANG DAYTONA,2.6 DAYTONA,10,29.250,31.590
181,NMAX-10-BRT,ROLLER BRT,2.7 BRT,64,66.625,71.955
182,4066-REM-DYT,KAMPAS REM DEPAN DAYTONA,2.6 DAYTONA,25,29.250,31.590
183,NMAX-11-BRT,ROLLER BRT,2.7 BRT,72,66.625,71.955
184,NMAX-12-BRT,ROLLER BRT,2.7 BRT,201,66.625,71.955
185,PCX-11-BRT,ROLLER BRT,2.7 BRT,46,66.625,71.955
186,PCX-12-BRT,ROLLER BRT,2.7 BRT,52,66.625,71.955
187,PCX-13-BRT,ROLLER BRT,2.7 BRT,132,66.625,71.955
188,4919-KTR-DYT,KOMSTIR DAYTONA,2.6 DAYTONA,78,71.925,77.679
189,PCX-14-BRT,ROLLER BRT,2.7 BRT,110,66.625,71.955
190,PCX-15-BRT,ROLLER BRT,2.7 BRT,47,66.625,71.955
191,PCX-16-BRT,ROLLER BRT,2.7 BRT,118,66.625,71.955
192,4914-KTR-DYT,KOMSTIR DAYTONA,2.6 DAYTONA,92,94.125,101.655
193,4913-KTR-DYT,KOMSTIR DAYTONA,2.6 DAYTONA,27,94.125,101.655
194,4915-KTR-DYT,KOMSTIR DAYTONA,2.6 DAYTONA,38,94.125,101.655
195,K44-09-BRT,ROLLER BRT,2.7 BRT,49,62.350,67.338
196,K44-10-BRT,ROLLER BRT,2.7 BRT,15,62.350,67.338
197,4916-KTR-DYT,KOMSTIR DAYTONA,2.6 DAYTONA,79,73.425,79.299
198,K44-11-BRT,ROLLER BRT,2.7 BRT,0,62.350,67.338
199,K44-13-BRT,ROLLER BRT,2.7 BRT,111,62.350,67.338
200,6201-BR-DYT,BEARING DAYTONA,2.6 DAYTONA,21,15.375,16.605
201,KVY-08-BRT,ROLLER BRT,2.7 BRT,46,58.075,62.721
202,KVY-09-BRT,ROLLER BRT,2.7 BRT,15,62.000,71.550
203,6300-BR-DYT,BEARING DAYTONA,2.6 DAYTONA,2,15.375,16.605
204,KVY-10-BRT,ROLLER BRT,2.7 BRT,107,62.000,71.550
205,6301-BR-DYT,BEARING DAYTONA,2.6 DAYTONA,42,15.375,16.605
206,CH-BEAT-DYT,MANGKOK GANDA DAYTONA 4978,2.6 DAYTONA,16,217.500,234.900
207,CH-PCX-DYT,MANGKOK GANDA DAYTONA 4841,2.6 DAYTONA,0,247.500,267.300
208,CH-NMAX-DYT,MANGKOK GANDA DAYTONA 4838,2.6 DAYTONA,0,247.500,267.300
209,FC-B65-DYT,RUMAH ROLLER DAYTONA,2.6 DAYTONA,4,150.000,162.000
210,FC-K97-DYT,RUMAH ROLLER DAYTONA,2.6 DAYTONA,2,150.000,162.000
211,FC-K44-DYT,RUMAH ROLLER DAYTONA,2.6 DAYTONA,3,127.500,137.700
212,MIO-07-DYT,ROLLER DAYTONA,2.6 DAYTONA,44,32.850,35.478
213,MIO-08-DYT,ROLLER DAYTONA,2.6 DAYTONA,30,32.850,35.478
214,MIO-09-DYT,ROLLER DAYTONA,2.6 DAYTONA,20,32.850,35.478
215,"MIO-9,5-DYT",ROLLER DAYTONA,2.6 DAYTONA,0,32.850,35.478
216,NMAX-09-DYT,ROLLER DAYTONA,2.6 DAYTONA,69,32.850,35.478
217,NMAX-10-DYT,ROLLER DAYTONA,2.6 DAYTONA,0,32.850,35.478
218,NMAX-11-DYT,ROLLER DAYTONA,2.6 DAYTONA,14,32.850,35.478
219,NMAX-12-DYT,ROLLER DAYTONA,2.6 DAYTONA,88,32.850,35.478
220,PCX-08-DYT,ROLLER DAYTONA,2.6 DAYTONA,90,32.850,35.478
221,PCX-09-DYT,ROLLER DAYTONA,2.6 DAYTONA,65,32.850,35.478
222,PCX-10-DYT,ROLLER DAYTONA,2.6 DAYTONA,0,32.850,35.478
223,PCX-11-DYT,ROLLER DAYTONA,2.6 DAYTONA,51,32.850,35.478
224,PCX-12-DYT,ROLLER DAYTONA,2.6 DAYTONA,21,32.850,35.478
225,PCX-13-DYT,ROLLER DAYTONA,2.6 DAYTONA,29,32.850,35.478
226,PCX-15-DYT,ROLLER DAYTONA,2.6 DAYTONA,59,32.850,35.478
227,PCX-16-DYT,ROLLER DAYTONA,2.6 DAYTONA,19,32.850,35.478
228,K44-08-DYT,ROLLER DAYTONA,2.6 DAYTONA,59,32.850,35.478
229,K44-09-DYT,ROLLER DAYTONA,2.6 DAYTONA,46,32.850,35.478
230,K44-10-DYT,ROLLER DAYTONA,2.6 DAYTONA,31,32.850,35.478
231,K44-11-DYT,ROLLER DAYTONA,2.6 DAYTONA,3,32.850,35.478
232,K44-12-DYT,ROLLER DAYTONA,2.6 DAYTONA,58,32.850,35.478
233,K44-13-DYT,ROLLER DAYTONA,2.6 DAYTONA,108,32.850,35.478
234,KVY-07-DYT,ROLLER DAYTONA,2.6 DAYTONA,35,32.850,35.478
235,KVY-08-DYT,ROLLER DAYTONA,2.6 DAYTONA,36,32.850,35.478
236,KVY-09-DYT,ROLLER DAYTONA,2.6 DAYTONA,90,32.850,35.478
237,KVY-10-DYT,ROLLER DAYTONA,2.6 DAYTONA,67,32.850,35.478
238,XMAX-12-DYT,ROLLER DAYTONA,2.6 DAYTONA,92,45.750,49.410
239,XMAX-14-DYT,ROLLER DAYTONA,2.6 DAYTONA,0,45.750,49.410
240,XMAX-15-DYT,ROLLER DAYTONA,2.6 DAYTONA,23,45.750,49.410
241,K44-09-DRP,ROLLER DR PULLEY,2.10 DR PULLEY,43,89.250,96.390
242,K44-10-DRP,ROLLER DR PULLEY,2.10 DR PULLEY,65,89.250,96.390
243,K44-11-DRP,ROLLER DR PULLEY,2.10 DR PULLEY,87,89.250,96.390
244,K44-12-DRP,ROLLER DR PULLEY,2.10 DR PULLEY,185,89.250,96.390
245,K44-13-DRP,ROLLER DR PULLEY,2.10 DR PULLEY,61,89.250,96.390
246,KVY-09-DRP,ROLLER DR PULLEY,2.10 DR PULLEY,79,89.250,96.390
247,KVY-10-DRP,ROLLER DR PULLEY,2.10 DR PULLEY,56,89.250,96.390
248,NMAX-09-DRP,ROLLER DR PULLEY,2.10 DR PULLEY,100,93.000,100.440
249,NMAX-10-DRP,ROLLER DR PULLEY,2.10 DR PULLEY,120,93.000,100.440
250,NMAX-11-DRP,ROLLER DR PULLEY,2.10 DR PULLEY,96,93.000,100.440
251,NMAX-12-DRP,ROLLER DR PULLEY,2.10 DR PULLEY,47,93.000,100.440
252,PCX-09-DRP,ROLLER DR PULLEY,2.10 DR PULLEY,52,97.500,105.300
253,PCX-10-DRP,ROLLER DR PULLEY,2.10 DR PULLEY,67,97.500,105.300
254,PCX-11-DRP,ROLLER DR PULLEY,2.10 DR PULLEY,98,97.500,105.300
255,PCX-12-DRP,ROLLER DR PULLEY,2.10 DR PULLEY,93,97.500,105.300
256,PCX-13-DRP,ROLLER DR PULLEY,2.10 DR PULLEY,29,97.500,105.300
257,PCX-14-DRP,ROLLER DR PULLEY,2.10 DR PULLEY,46,97.500,105.300
258,PCX-15-DRP,ROLLER DR PULLEY,2.10 DR PULLEY,21,97.500,105.300
259,PCX-10-TDR,ROLLER TDR,2.8 TDR,6,91.500,98.820
260,PCX-11-TDR,ROLLER TDR,2.8 TDR,5,91.500,98.820
261,PCX-12-TDR,ROLLER TDR,2.8 TDR,7,91.500,98.820
262,PCX-13-TDR,ROLLER TDR,2.8 TDR,8,91.500,98.820
263,PCX-14-TDR,ROLLER TDR,2.8 TDR,9,91.500,98.820
264,PCX-15-TDR,ROLLER TDR,2.8 TDR,7,91.500,98.820
265,PCX-16-TDR,ROLLER TDR,2.8 TDR,5,91.500,98.820
266,NMAX-09-TDR,ROLLER TDR,2.8 TDR,21,105.000,113.400
267,NMAX-10-TDR,ROLLER TDR,2.8 TDR,7,105.000,113.400
268,NMAX-11-TDR,ROLLER TDR,2.8 TDR,8,105.000,113.400
269,NMAX-12-TDR,ROLLER TDR,2.8 TDR,16,105.000,113.400
270,K44-09-TDR,ROLLER TDR,2.8 TDR,4,86.500,93.420
271,K44-10-TDR,ROLLER TDR,2.8 TDR,2,86.500,93.420
272,K44-11-TDR,ROLLER TDR,2.8 TDR,5,86.500,93.420
273,K44-12-TDR,ROLLER TDR,2.8 TDR,7,86.500,93.420
274,K44-13-TDR,ROLLER TDR,2.8 TDR,7,86.500,93.420
275,K44-14-TDR,ROLLER TDR,2.8 TDR,14,86.500,93.420
276,KVY-09-TDR,ROLLER TDR,2.8 TDR,19,86.500,93.420
277,KVY-10-TDR,ROLLER TDR,2.8 TDR,25,86.500,93.420
278,5TL-08-TDR,ROLLER TDR,2.8 TDR,5,72.500,78.300
279,5TL-09-TDR,ROLLER TDR,2.8 TDR,11,72.500,78.300
280,5TL-10-TDR,ROLLER TDR,2.8 TDR,11,72.500,78.300
281,KWN-PLT-SLD,SLIDER PLATINUM,2.18 PLATINUM,991,6.500,12.500
282,KVY-PLT-SLD,SLIDER PLATINUM,2.18 PLATINUM,776,6.500,12.500
283,5TL-PLT-SLD,SLIDER PLATINUM,2.18 PLATINUM,545,6.500,12.500
284,1000-PLT-CTR,PER CENTRIK PLATINUM,2.18 PLATINUM,319,8.500,18.500
285,1200-PLT-CTR,PER CENTRIK PLATINUM,2.18 PLATINUM,501,8.500,18.500
286,CVT-BEAT-1000,PER CVT BEAT PLATINUM RACING 1000 RPM,2.18 PLATINUM,384,8.500,18.500
287,1800-PLT-CTR,PER CENTRIK PLATINUM,2.18 PLATINUM,343,8.500,18.500
288,2000-PLT-CTR,PER CENTRIK PLATINUM,2.18 PLATINUM,936,8.500,18.500
289,"BEAT-CVT1,5",PER CVT DAYTONA 1500 RPM 4801,2.6 DAYTONA,17,74.250,80.190
290,"MIO-CVT1,5",PER CVT DAYTONA 1500 RPM,2.6 DAYTONA,24,74.250,80.190
291,"NMAX-CVT1,5",PER CVT DAYTONA 1500 RPM 4808,2.6 DAYTONA,22,87.000,93.960
292,"PCX-CVT1,5",PER CVT DAYTONA 1500 RPM 4810,2.6 DAYTONA,25,87.000,93.960
293,"VESPA-CVT1,5-DYT",PER CVT DAYTONA 1500 RPM,2.6 DAYTONA,37,87.000,93.960
294,"BEAT-CVT 1,0",PER CVT DAYTONA 1000 RPM 4800,2.6 DAYTONA,18,74.250,80.190
295,"PCX-CVT 1,0",PER CVT DAYTONA 1000 RPM 4809,2.6 DAYTONA,0,87.000,93.960
296,"NMAX-CVT1,0",PER CVT DAYTONA 1000 RPM 4807,2.6 DAYTONA,0,87.000,93.960
297,"MIO-CVT1,0",PER CVT DAYTONA 1000 RPM,2.6 DAYTONA,5,74.250,80.190
298,"MIOJ-CVT1,5",PER CVT DAYTONA MIO J 1500 RPM,2.6 DAYTONA,41,74.250,80.190
299,MIOM3-CVT1-DYT,PER CVT DAYTONA 1000 RPM,2.6 DAYTONA,62,87.000,93.960
300,VESPA-CVT1-DYT,PER CVT DAYTONA 1000 RPM,2.6 DAYTONA,50,87.000,93.960
301,CTR-1000-DYT,PER CENTRI DAYTONA 1000 RPM,2.6 DAYTONA,103,30.375,32.805
302,CTR-1500-DYT,PER CENTRI DAYTONA 1500 RPM 4954,2.6 DAYTONA,319,30.375,32.805
303,TTL-MTC-DYT,GAS KONTAN MATIC DAYTONA 4921,2.6 DAYTONA,4,187.500,202.500
304,TTL-SPORT-DYT,GAS KONTAN SPORT DAYTONA 4922,2.6 DAYTONA,1,187.500,202.500
305,DIS-5TL-DYT,PIRINGAN CAKRAM MIO,2.6 DAYTONA,21,135.000,145.800
306,DIS-FRK59-DYT,PIRINGAN CAKRAM VARIO 150 DEPAN DAYTONA,2.6 DAYTONA,20,159.000,171.720
307,DIS-M3FR-DYT,PIRINGAN CAKRAM MIO M3 DEPAN DAYTONA,2.6 DAYTONA,5,135.000,145.800
308,DIS-KOJFR-DYT,"PIRINGAN CAKRAM BEAT,GENIO DEPAN DAYTONA",2.6 DAYTONA,2,135.000,145.800
309,DIS-PCXRR-DYT,PIRINGAN CAKRAM PCX 150-UP BELAKANG DAYTONA,2.6 DAYTONA,3,159.000,171.720
310,DIS-PCX150FR-DYT,PIRINGAN CAKRAM PCX 150 DEPAN DAYTONA,2.6 DAYTONA,18,159.000,171.720
311,DIS-PCX160FR-DYT,PIRINGAN CAKRAM PCX 160 DEPAN DAYTONA,2.6 DAYTONA,7,159.000,171.720
312,DIS-NMAXRR-DYT,PIRINGAN CAKRAM NMAX 150 BELAKANG DAYTONA,2.6 DAYTONA,0,159.000,171.720
313,DIS-NMAX21FR-DYT,PIRINGAN CAKRAM NMAX UP 2021 DEPAN DAYTONA,2.6 DAYTONA,8,159.000,171.720
314,PIRODO-KZL-DYT,"KAMPAS REM BELAKANG KZL,K44,KVB,KWN DAYTONA",2.6 DAYTONA,16,36.000,38.880
315,PIRODO-5TL-DYT,"KAMPAS REM BELAKANG MIO,54P DAYTONA",2.6 DAYTONA,14,38.250,41.310
316,PIRODO-5BP-DYT,"KAMPAS REM BELAKANG AEROX,VIXION,DAYTONA",2.6 DAYTONA,12,40.500,43.740
317,KOPLING-KGH-DYT,KAMPAS KOPLING CB150R 4602 DAYTONA,2.6 DAYTONA,4,80.325,86.751
318,KPLING-K56-DYT,KAMPAS KOPLING CBR150R 4603 DAYTONA,2.6 DAYTONA,17,80.325,86.751
319,GRIP-2738-DYT,HANDGRIP D-1 ROAD RACE BLACK GREY DAYTONA,2.6 DAYTONA,19,57.000,61.560
320,GRIP-2725-DYT,HANDGRIP D-1 ROAD RACE BLUE GREY DAYTONA,2.6 DAYTONA,4,57.000,61.560
321,GRIP-2736-DYT,HANDGRIP D-1 ROAD RACE RED GREY DAYTONA,2.6 DAYTONA,27,57.000,61.560
322,GRIP-4866-DYT,HANDGRIP D-4 SLASH GRIPS GREY BLACK DAYTONA,2.6 DAYTONA,8,57.000,61.560
323,GRIP-4867-DYT,HANDGRIP D-4 SLASH GRIPS RED BLACK DAYTONA,2.6 DAYTONA,49,57.000,61.560
324,GRIP-4869-DYT,HANDGRIP D-4 SLASH GRIPS BLUE BLACK DAYTONA,2.6 DAYTONA,16,57.000,61.560
325,GRIP-4870-DYT,HANDGRIP D-3 SUPER CROS BLACK GREY DAYTONA,2.6 DAYTONA,14,57.000,61.560
326,GRIP-4871-DYT,HANDGRIP D-3 SUPER CROSS RED BLACK  DAYTONA,2.6 DAYTONA,23,57.000,61.560
327,GRIP-2726-DYT,HANDGRIP D-2 MOTOCROSS BLUE GREY DAYTONA,2.6 DAYTONA,1,57.000,61.560
328,GRIP-2741-DYT,HANDGRIP D-2 MOTOCROSS RED GREY DAYTONA,2.6 DAYTONA,12,57.000,61.560
329,GRIP-2743-DYT,HANDGRIP D-2 MOTOCROSS BLACK GREY DAYTONA,2.6 DAYTONA,4,57.000,61.560
330,5TL-BELT-BRT,VBELT BRT MIO,2.7 BRT,91,119.500,129.060
331,54P-BELT-BRT,VBELT BRT MIO J,2.7 BRT,86,119.500,129.060
332,2PH-BELT-BRT,VBELT BRT MIO M3,2.7 BRT,85,123.500,133.380
333,2DP-BELT-BRT,VBELT BRT NMAX 155,2.7 BRT,74,147.500,159.300
334,B65-BELT-BRT,VBELT BRT AEROX,2.7 BRT,83,147.500,159.300
335,KVY-BELT-BRT,VBELT BRT BEAT KARBU,2.7 BRT,86,119.500,129.060
336,KZL-BELT-BRT,VBELT BRT BEAT FI,2.7 BRT,156,123.500,133.380
337,K44-BELT-BRT,VBELT BRT BEAT POP,2.7 BRT,56,123.500,133.380
338,KOJ-BELT-BRT,VBELT BRT GENIO,2.7 BRT,74,123.500,133.380
339,KZR-BELT-BRT,VBELT BRT VARIO 125 OLD,2.7 BRT,92,123.500,133.380
340,K35-BELT-BRT,VBELT BRT VARIO 125 LED,2.7 BRT,83,123.500,133.380
341,K36-BELT-BRT,VBELT BRT VARIO 150,2.7 BRT,77,123.500,133.380
342,K97-BELT-BRT,VBELT BRT PCX/ADV 150,2.7 BRT,72,123.500,133.380
343,K1Z-BELT-BRT,VBELT BRT VARIO 160,2.7 BRT,0,123.500,133.380
344,MIO-RNB-BRT,ROLLER NINJA BALL MIO,2.7 BRT,33,130.250,140.670
345,NMAX-RNB-BRT,ROLLER NINJA BALL 2DP-NMAX,2.7 BRT,80,130.250,140.670
346,KVY-RNB-BRT,ROLLER NINJA BALL BEAT KARBU,2.7 BRT,71,130.250,140.670
347,K44-RNB-BRT,ROLLER NINJA BALL BEAT FI,2.7 BRT,54,130.250,140.670
348,PCX-RNB-BRT,ROLLER NINJA BALL PCX-VARIO 125-GENIO,2.7 BRT,39,130.250,140.670
349,MIO-S1-BRT,MASTER CAM BRT S1 MIO KARBU,2.7 BRT,5,452.500,488.700
350,MIO-S2-BRT,MASTER CAM BRT S2 MIO KARBU,2.7 BRT,5,452.500,488.700
351,MIO-T1-BRT,MASTER CAM BRT T1 MIO KARBU,2.7 BRT,0,452.500,488.700
352,MIO-T2-BRT,MASTER CAM BRT T2 MIO KARBU,2.7 BRT,0,452.500,488.700
353,NMXOL-S1-BRT,MASTER CAM BRT S1 NMAX OLD,2.7 BRT,5,405.000,437.400
354,NMXOL-S2-BRT,MASTER CAM BRT S2 NMAX OLD,2.7 BRT,1,405.000,437.400
355,NMXOL-T1-BRT,MASTER CAM BRT T1  NMAX OLD,2.7 BRT,10,405.000,437.400
356,NMXOL-T2-BRT,MASTER CAM BRT T2 NMAX OLD,2.7 BRT,11,405.000,437.400
357,NMXNEW-S1-BRT,MASTER CAM BRT S1 NMAX NEW,2.7 BRT,0,405.000,437.400
358,NMXNEW-T1-BRT,MASTER CAM BRT T1 NMAX NEW,2.7 BRT,3,405.000,437.400
359,NMXNEW-T2-BRT,MASTER CAM BRT T2 NMAX NEW,2.7 BRT,1,405.000,437.400
360,VR150-S13-BRT,MASTER CAM BRT S13 VARIO 150,2.7 BRT,3,405.000,437.400
361,VR150-R3-BRT,MASTER CAM BRT R3 VARIO 150,2.7 BRT,0,492.500,531.900
362,VR150-T1-BRT,MASTER CAM BRT T1 VARIO 150,2.7 BRT,2,405.000,437.400
363,VR150-T2-BRT,MASTER CAM BRT T2 VARIO 150,2.7 BRT,3,405.000,437.400
364,PCX160-S3-BRT,MASTER CAM BRT S3 PCX 160,2.7 BRT,1,405.000,437.400
365,PCX160-T1-BRT,MASTER CAM BRT T1 VARIO 160,2.7 BRT,1,405.000,437.400
366,PCX160-T2-BRT,MASTER CAM BRT T2 PCX 160,2.7 BRT,8,405.000,437.400
367,BTPOP-S4-BRT,MASTER CAM BRT S4 BEAT POP,2.7 BRT,8,405.000,437.400
368,BTPOP-T1-BRT,MASTER CAM BRT T1 BEAT POP,2.7 BRT,0,405.000,437.400
369,BTPOP-T2-BRT,MASTER CAM BRT T2 BEAT POP,2.7 BRT,0,405.000,437.400
370,BTPOP-T3-BRT,MASTER CAM BRT T3 BEAT POP,2.7 BRT,1,405.000,437.400
371,BTKRB-S1-BRT,MASTER CAM BRT S1 BEAT KARBU,2.7 BRT,2,330.000,356.400
372,BTKRB-T1-BRT,MASTER CAM BRT T1 BEAT KARBU,2.7 BRT,8,330.000,356.400
373,GENIO-S2-BRT,MASTER CAM BRT S2 GENIO,2.7 BRT,7,405.000,437.400
374,GENIO-T1-BRT,MASTER CAM BRT T1 GENIO,2.7 BRT,0,405.000,437.400
375,GENIO-T2-BRT,MASTER CAM BRT T2 GENIO,2.7 BRT,14,405.000,437.400
376,INJK-KOIL-BRT,KOIL BRT UNIVERSAL INJEKSI,2.7 BRT,65,127.500,137.700
377,KRBU-KOIL-BRT,KOIL BRT UNIVERSAL KARBU,2.7 BRT,36,127.500,137.700
378,BUSI-CPR9-BRT,BUSI BRT PANJANG CPR9 BEAT-KARISMA,2.7 BRT,0,69.475,75.033
379,BUSI-CR7-BRT,BUSI BRT PENDEK CR7 MIO-GRAND,2.7 BRT,97,69.475,75.033
380,BUSI-LMAR-BRT,BUSI BRT PALING PANJANG VARIO 160,2.7 BRT,1,69.475,75.033
381,NMX-CVT 1.0-BRT,PER CVT BRT 1000 RPM NMAX,2.7 BRT,73,85.000,91.800
382,PCX-CVT 1.0-BRT,PER CVT BRT 1000 RPM VARIO 125-PCX,2.7 BRT,112,85.000,91.800
383,BEAT-CVT1.0-BRT,PER CVT BRT 1000 RPM BEAT ESP,2.7 BRT,140,85.000,91.800
384,MIO-CVT1.0-BRT,PER CVT BRT 1000 RPM MIO SPORTY,2.7 BRT,44,85.000,91.800
385,MIOJ-CVT1.0-BRT,PER CVT BRT 1000 RPM MIO J,2.7 BRT,63,85.000,91.800
386,NMX-CVT1.5-BRT,PER CVT BRT 1500 RPM MAX,2.7 BRT,48,85.000,91.800
387,PCX-CVT1.5-BRT,PER CVT BRT 1500 RPM VARIO 125-PCX,2.7 BRT,93,85.000,91.800
388,BEAT-CVT1.5-BRT,PER CVT BRT 1500 BEAT ESP,2.7 BRT,134,85.000,91.800
389,MIO-CVT1.5-BRT,PER CVT BRT 1500 RPM MIO SPORTY,2.7 BRT,49,85.000,91.800
390,MIOJ-CVT1.5-BRT,PER CVT BRT 1500 RPM MIO J,2.7 BRT,61,85.000,91.800
391,TPS-VARIO-BRT,SENSOR TPS BRT VARIO 125-150-BEAT,2.7 BRT,4,300.000,324.000
392,TPS-NMAX-BRT,"SENSOR TPS BRT NMAX-AEROX-LEXI,MX KING,MI0 J",2.7 BRT,4,400.000,432.000
393,TPS-MIOM3-BRT,SENSOR TPS BRT MIO M3,2.7 BRT,5,400.000,432.000
394,TPS-GENIO-BRT,SENSOR TPS BRT GENIO,2.7 BRT,3,300.000,324.000
395,INJTR-8H-BRT,INJEKTOR BRT YAMAHA 8H-150CC,2.7 BRT,5,285.000,307.800
396,INJTR-3H-BRT,INJEKTOR BRT HONDA 3H-150CC,2.7 BRT,5,305.000,329.400
397,PRKLEP-BEAT-BRT,PER KLEP BRT BEAT KARBU,2.7 BRT,6,217.500,234.900
398,PRKLEP-VR-BRT,PER KLEP BRT VARIO 125,2.7 BRT,6,217.500,234.900
399,KPROK-KVB-BRT,KIPROX BRT KVB BEAT ESP,2.7 BRT,11,100.000,108.000
400,KPROK-KVY-BRT,KIPROX BRT KVY  BEAT KARBU,2.7 BRT,4,100.000,108.000
401,KPROK-SGN-BRT,KIPROX BRT UNIVERSAL SHOGUN 125-SMAH,2.7 BRT,0,100.000,108.000
402,PAD-GENIO-BRT,BRAKE PAD BRT GENIO,2.7 BRT,15,47.500,51.300
403,PAD-MIO-BRT,BRAKE PAD BRT MIO OLD,2.7 BRT,15,47.500,51.300
404,PAD-SUPRA-BRT,BRAKE PAD BRT SUPRA X 125,2.7 BRT,11,47.500,51.300
405,PAD-MIOJ-BRT,BRAKE PAD BRT MIO J,2.7 BRT,14,47.500,51.300
406,PAD-BEAT-BRT,BRAKE PAD BRT BEAT FI,2.7 BRT,17,47.500,51.300
407,CDI-STDB-BRT,CDI DUAL BAND BRT ST KVB,2.7 BRT,0,555.000,599.400
408,CDI-TRDB-BRT,CDI DUAL BAND BRT TR KVB,2.7 BRT,0,555.000,599.400
409,CDI-RKDB-BRT,CDI DUAL BAND BRT RK MIO OLD,2.7 BRT,0,507.500,548.100
410,CDI-TRMIO-BRT,CDI DUAL BAND BRT TR MIO OLD,2.7 BRT,1,507.500,548.100
411,DISC-Y260-BRT,DISC BRAKE YAMAHA 260MM,2.7 BRT,0,720.000,777.600
412,DISC-Y300-BRT,DISC BRAKE YAMAHA 300MM,2.7 BRT,0,760.000,820.800
413,DISC-H260-BRT,DISC BRAKE HONDA 260MM,2.7 BRT,0,545.000,588.600
414,DICS-H300-BRT,DISC BRAKE HONDA 300MM,2.7 BRT,0,595.000,642.600
415,JKN-VRK59-BRT,JUKEN DB KEYLESS VARIO 150 K59J,2.7 BRT,0,1.000.000,1.175.000
416,JKN-RTKEY-BRT,JUKEN RT KEYLESS VARIO 150 K59J,2.7 BRT,0,1.000.000,1.275.000
417,JKN-VRDB-BRT,JUKEN DB VARIO 150 OLD K59,2.7 BRT,0,1.000.000,1.175.000
418,JKN-RTVR-BRT,JUKEN RT VARIO 150 OLD K59,2.7 BRT,0,1.000.000,1.275.000
419,JKN-DBKZR-BRT,JUKEN DB VARIO 125 KZR,2.7 BRT,0,1.000.000,1.175.000
420,JKN-RTKZR-BRT,JUKEN RT VARIO 125 KZR,2.7 BRT,0,1.000.000,1.275.000
421,JKN-DBK60-BRT,JUKEN DB VARIO 125 NEW K60,2.7 BRT,0,1.000.000,1.175.000
422,JKN-RTK60-BRT,JUKEN RT VARIO 125 NEW K60,2.7 BRT,0,1.000.000,1.275.000
423,JKN-DBK2VG-BRT,JUKEN DB VARIO 125 K2VG,2.7 BRT,0,1.000.000,1.175.000
424,JKN-RTK2VG-BRT,JUKEN RT VARIO 125 K2VG,2.7 BRT,0,1.000.000,1.275.000
425,JKN-DBK60R-BRT,JUKEN DB VARIO 125 NEW K60R,2.7 BRT,0,1.300.000,1.175.000
426,JKN-RTK60R-BRT,JUKEN RT VARIO 125 NEW K60R,2.7 BRT,0,1.300.000,1.275.000
427,JKN-DBK1AA-BRT,JUKEN DB GENIO K1AA,2.7 BRT,0,1.000.000,1.175.000
428,JKN-RTK1AA-BRT,JUKEN RT GENIO K1AA,2.7 BRT,0,1.000.000,1.275.000
429,JKN-DBK25-BRT,JUKEN DB BEAT POP K25G,2.7 BRT,0,1.075.000,1.175.000
430,JKN-RTK25-BRT,JUKEN RT BEAT POP K25G,2.7 BRT,0,1.075.000,1.275.000
431,SB-PIN13-BRT,SUPER BLOCK VARIO 125 63MM PIN 13 CERAMIC,2.7 BRT,0,1.500.000,-
432,SB-PIN14-BRT,SUPER BLOCK VARIO 150 63MM PIN 14 CERAMIC,2.7 BRT,0,1.500.000,-
433,35-89BLCK-TDR,SELANG REM HITAM KARBON 35 INCH 89 CM TDR,2.8 TDR,9,78.000,84.240
434,35-89BLUE-TDR,SELANG REM BIRU 35 INCH 89 CM TDR,2.8 TDR,6,79.000,85.320
435,35-89RED-TDR,SELANG REM MERAH 35 INCH 89 CM TDR,2.8 TDR,1,78.000,84.240
436,37-94BLCK-TDR,SELANG REM HITAM KARBON 37 INCH 94 CM TDR,2.8 TDR,4,80.000,86.400
437,37-94SLVR-TDR,SELANG REM TITANIUM SILVER 37 INCH 94 CM TDR,2.8 TDR,4,105.000,113.400
438,37-94RED-TDR,SELANG REM RED 37 INCH 94 CM TDR,2.8 TDR,38,95.000,102.600
439,24-61BLCK-TDR,SELANG REM HITAM KARBON 24 INCH 61CM TDR,2.8 TDR,5,80.000,86.400
440,24-61BLUE-TDR,SELANG REM BIRU 24 INCH 61 CM TDR,2.8 TDR,14,78.000,84.240
441,24-INCHRED-TDR,SELANG REM MERAH 24 INCH TDR,2.8 TDR,20,78.000,84.240
442,24-INSILVR-TDR,SELANG REM SILVER 24 INCH TDR,2.8 TDR,13,78.000,84.240
443,CTR-1000-TDR,PER CENTRI TDR 1000 RPM,2.8 TDR,185,40.000,43.200
444,CTR-1500-TDR,PER CENTRI TDR 1500 RPM,2.8 TDR,79,40.000,43.200
445,CTR-2000-TDR,PER CENTRI TDR 2000 RPM,2.8 TDR,24,40.000,43.200
446,CTR-XMX1.0-TDR,PER CENTRI TDR XMAX 1000 RPM,2.8 TDR,6,107.100,115.668
447,CTR-XMX1.5-TDR,PER CENTRI TDR XMAX 1500 RPM,2.8 TDR,13,107.100,115.668
448,CTR-XMX2.0-TDR,PER CENTRI TDR XMAX 2000 RPM,2.8 TDR,8,107.100,115.668
449,CVT-MIO1.5-TDR,PER CVT TDR MIO 1500 RPM,2.8 TDR,28,88.200,95.256
450,CVT-MIO2.0-TDR,PER CVT TDR MIO 2000 RPM,2.8 TDR,1,88.200,95.256
451,CVT-NMX1.0-TDR,PER CVT TDR NMAX 1000 RPM,2.8 TDR,5,157.500,170.100
452,CVT-NMX1.5-TDR,PER CVT TDR NMAX 1500 RPM,2.8 TDR,3,157.500,170.100
453,CVT-NMX1.8-TDR,PER CVT TDR NMAX 1800 RPM,2.8 TDR,1,157.500,170.100
454,CVT-NMX2.0-TDR,PER CVT TDR NMAX  2000 RPM,2.8 TDR,6,157.500,170.100
455,CVT-BEAT1.0-TDR,PER CVT TDR BEAT FI 1000 RPM,2.8 TDR,7,132.300,142.884
456,CVT-BEAT1.5-TDR,PER CVT TDR BEAT FI 1500 RPM,2.8 TDR,2,132.300,142.884
457,CVT-BEAT2.0-TDR,PER CVT TDR BEAT FI 2000 RPM,2.8 TDR,15,132.300,142.884
458,CVT-VR1.0-TDR,PER CVT TDR VARIO 125 1000 RPM,2.8 TDR,13,129.150,139.482
459,CVT-VR1.5-TDR,PER CVT TDR VARIO 125 1500 RPM,2.8 TDR,11,129.150,139.482
460,CVT-PCX1.0-TDR,PER CVT TDR VARIO 150-PCX 150  1000 RPM,2.8 TDR,7,157.500,170.100
461,CVT-PCX1.5-TDR,PER CVT TDR VARIO 150-PCX 150  1500 RPM,2.8 TDR,0,157.500,170.100
462,GRIP-PRXHM-TDR,HANDGRIP PRIX HITAM/MERAH TDR,2.8 TDR,6,60.000,64.800
463,GRIP-ACTHB-TDR,HANDGRIP ACTIVE HITAM/BIRU TDR,2.8 TDR,11,60.000,64.800
464,GRIP-ACTHA-TDR,HANDGRIP ACTIVE HITAM/ABU TDR,2.8 TDR,10,60.000,64.800
465,GRIP-ACTHM-TDR,HANDGRIP ACTIVE HITAM/MERAH TDR,2.8 TDR,5,60.000,64.800
466,GRIP-ACTHK-TDR,HANDGRIP ACTIVE HITAM/KUNING TDR,2.8 TDR,15,60.000,64.800
467,GRIP-MGHU-TDR,HANDGRIP MAGNUM HITAM/UNGU TDR,2.8 TDR,7,60.000,64.800
468,GRIP-S20+-TDR,HANDGRIP PERFORMANCE S20+ TDR,2.8 TDR,10,60.000,64.800
469,GRIP-S20-TDR,HANDGRIP WITHE HOLE S20 TDR,2.8 TDR,10,60.000,64.800
470,6201-2RS-TDR,BEARING TDR 6201 2RS,2.8 TDR,6,18.200,19.656
471,6202-2RS-TDR,BEARING TDR 6202 2RS,2.8 TDR,15,18.200,19.656
472,6203-2RS-TDR,BEARING TDR 6203 2RS,2.8 TDR,13,19.500,21.060
473,6300-2RS-TDR,BEARING TDR 6300 2RS,2.8 TDR,2,19.500,21.060
474,6301-2RS-TDR,BEARING TDR 6301 2RS,2.8 TDR,17,19.500,21.060
475,6302-2RS-TDR,BEARING TDR 6302 2RS,2.8 TDR,7,20.800,22.464
476,6004-2RS-TDR,BEARING TDR 6004 2RS,2.8 TDR,0,30.000,-
477,K97-BELT-TDR,VBELT TDR  NEW PCX,2.8 TDR,4,162.500,175.500
478,KVY-BELT-TDR,VBELT TDR  BEAT KARBU,2.8 TDR,8,120.250,129.870
479,KZL-BELT-TDR,VBELT TDR BEAT FI STATER KASAR,2.8 TDR,6,120.250,129.870
480,K44-BELT-TDR,VBELT TDR  BEAT ESP,2.8 TDR,1,120.250,129.870
481,2DP-BELT-TDR,VBELT TDR NMAX,2.8 TDR,1,162.500,175.500
482,B65-BELT-TDR,VBELT TDR AEROX NEW,2.8 TDR,4,162.500,175.500
483,5TL-BELT-TDR,VBELT TDR MIO SPORTY,2.8 TDR,2,113.750,122.850
484,KZR-BELT-TDR,VBELT TDR VARIO 125 OLD,2.8 TDR,6,133.250,143.910
485,K35-BELT-TDR,VBELT TDR VARIO 125 FI  NEW,2.8 TDR,6,133.250,143.910
486,K36-BELT-TDR,VBELT TDR VARIO 150,2.8 TDR,5,162.500,175.500
487,BUSI-065-TDR,"BUSI TDR BALLISTIC 0,65R",2.8 TDR,59,26.500,28.620
488,BUSI-071R-TDR,"BUSI TDR BALLISTIC 0,71R",2.8 TDR,529,26.500,28.620
489,BUSI-MART-TDR,BUSI TDR TWIN IRIDIUM VARIO 160,2.8 TDR,25,195.000,210.600
490,2DP-BELT-GTS,VBELT GATES  NMAX 155,2.9 GATES,84,128.962,139.279
491,B65-BELT-GTS,VBELT GATES AEROX-LEXI,2.9 GATES,77,128.962,139.279
492,K97-BELT-GTS,VBELT GATES  PCX-ADV 150,2.9 GATES,52,130.387,140.818
493,K36-BELT-GTS,VBELT GATES VARIO 150 LED,2.9 GATES,58,121.125,130.815
494,K35-BELT-GTS,VBELT GATES VARIO 125 NEW,2.9 GATES,44,119.700,129.276
495,KZR-BELT-GTS,VBELT GATES VARIO 125 OLD,2.9 GATES,60,113.287,122.350
496,K44-BELT-GTS,VBELT GATES BEAT-SCCOOPY ESP,2.9 GATES,30,88.350,95.418
497,KZL-BELT-GTS,VBELT GATES BEAT FI NON ESP,2.9 GATES,91,86.212,93.109
498,KOJ-BELT-GTS,VBELT GATES  GENIO-BEAT DELUXE-SCOOPY 2021,2.9 GATES,58,101.887,110.038
499,KVY-BELT-GTS,VBELT GATES BEAT KARBU,2.9 GATES,47,91.200,98.496
500,5TL-BELT-GTS,VBELT GATES MIO KARBU-SPORTY,2.9 GATES,93,87.637,94.648
501,54P-BELT-GTS,VBELT GATES MIO J,2.9 GATES,104,89.062,96.187
502,2PH-BELT-GTS,VBELT GATESMIO SOUL GT,2.9 GATES,80,94.050,101.574
503,44D-BELT-GTS,VBELT GATES XEON,2.9 GATES,41,110.437,119.272
504,K1Z-BELT-GTS,VBELT GATES PCX 160-VARIO 160,2.9 GATES,85,137.512,148.513
505,B5X-BELT-GTS,VBELT GATES XMAX 250CC,2.9 GATES,38,284.287,307.030
506,KVB-BELT-GTS,VBELT GATES VARIO 110 KARBU,2.9 GATES,98,104.737,113.116
507,PROPER-K97,FILTER PROPER PCX/ADV 150,2.11 PROPER,15,126.000,136.080
508,PROPER-K1Z,FILTER PROPER PCX 160-VARIO 160-ADV 160,2.11 PROPER,17,126.000,136.080
509,PROPER-K36,FILTER PROPER VARIO 125-150 LED,2.11 PROPER,23,101.500,109.620
510,PROPER-2DP,FILTER PROPER NMAX 155 2015-2019,2.11 PROPER,15,112.000,120.960
511,PROPER-B6H,FILTER PROPER NMAX NEW 2020-2023,2.11 PROPER,25,126.000,136.080
512,PROPER-B65,FILTER PROPER  AEROX 155-LEXI,2.11 PROPER,20,101.500,109.620
513,PROPER-K44,FILTER PROPER BEAT FI NON ESP-SCOOPY FI NON ESP,2.11 PROPER,32,94.500,102.060
514,PROPER-KOJ,FILTER PROPER GENIO-BEAT DELUXE-SCOOPY 2021,2.11 PROPER,28,98.000,105.840
515,PROPER-FREEGO,FILTER PROPER YAMAHA FREEGO-GEAR 125,2.11 PROPER,11,101.500,109.620
516,PROPER-54P,FILTER PROPER MIO J/MIO GT/SOUL GT 115,2.11 PROPER,16,94.500,102.060
517,PROPER-KVY,FILTER PROPER BEAT KARBU,2.11 PROPER,19,84.000,90.720
518,PROPER-2SX,FILTER PROPER MIOM3/FINO 125/SOUL GT 125,2.11 PROPER,19,94.500,102.060
519,B74-10-RX7,ROLLER RX7 10 GRAM XMAX 250 CC,2.12 RX7,9,80.000,84.000
520,B74-11-RX7,ROLLER  RX7 11 GRAM XMAX 250 CC,2.12 RX7,18,80.000,84.000
521,B74-13-RX7,ROLLER RX7 13 GRAM XMAX 250 CC,2.12 RX7,108,80.000,84.000
522,B74-14-RX7,ROLLER RX7 14 GRAM XMAX 250 CC,2.12 RX7,0,80.000,84.000
523,B74-15-RX7,ROLLER RX7 15 GRAM XMAX 250CC,2.12 RX7,14,80.000,84.000
524,K97-09-RX7,ROLLER RX7 09 GRAM PCX,2.12 RX7,0,80.000,84.000
525,K97-10-RX7,ROLLER RX7 10 GRAM PCX,2.12 RX7,0,80.000,84.000
526,K97-11-RX7,ROLLER RX7 11 GRAM PCX,2.12 RX7,27,80.000,84.000
527,K97-12-RX7,ROLLER RX7 12 GRAM PCX,2.12 RX7,0,80.000,84.000
528,K97-13-RX7,ROLLER RX7 13 GRAM PCX,2.12 RX7,0,80.000,84.000
529,K97-14-RX7,ROLLER RX7 14 GRAM PCX,2.12 RX7,61,80.000,84.000
530,K97-15-RX7,ROLLER RX7 15 GRAM PCX,2.12 RX7,0,80.000,84.000
531,2DP-09-RX7,ROLLER RX7 09 GRAM NMAX,2.12 RX7,0,80.000,84.000
532,2DP-10-RX7,ROLLER RX7 10 GRAM NMAX,2.12 RX7,0,80.000,84.000
533,2DP-11-RX7,ROLLER RX7 11 GRAM NMAX,2.12 RX7,0,80.000,84.000
534,2DP-12-RX7,ROLLER RX7 12 GRAM NMAX,2.12 RX7,19,80.000,84.000
535,K44-08-RX7,ROLLER RX7 08 GRAM BEAT FI,2.12 RX7,0,80.000,84.000
536,K44-10-RX7,ROLLER RX7 10 GRAM BEAT FI,2.12 RX7,12,80.000,84.000
537,K44-11-RX7,ROLLER RX7 11 GRAM BEAT FI,2.12 RX7,0,80.000,84.000
538,KVY-10-RX7,ROLLER RX7 10 GRAM BEAT KARBU,2.12 RX7,0,80.000,84.000
539,5TL-07-RX7,ROLLER RX7 07 GRAM MIO SPORTY,2.12 RX7,35,80.000,84.000
540,5TL-08-RX7,ROLLER RX7 08 GRAM MIO SPORTY,2.12 RX7,29,80.000,84.000
541,5TL-09-RX7,ROLLER RX7 09 GRAM MIO SPORTY,2.12 RX7,0,80.000,84.000
542,NOK-KVYM-RX7,NOKEN AS RX7 MENTAH BEAT KARBU,2.12 RX7,0,120.000,126.600
543,NOK-KVY1-RX7,NOKEN AS RX7 T1 BEAT KARBU,2.12 RX7,0,220.000,226.600
544,NOK-KVY2-RX7,NOKEN AS RX7 T2 BEAT KARBU,2.12 RX7,0,220.000,226.600
545,NOK-K44-RX7,NOKEN AS RX7 MENTAH BEAT FI ESP,2.12 RX7,0,120.000,126.600
546,NOK-K441-RX7,NOKEN AS RX7 T1 BEAT FI ESP,2.12 RX7,0,220.000,226.600
547,NOK-K442-RX7,NOKEN AS RX7 T2 BEAT FI ESP,2.12 RX7,0,220.000,226.600
548,NOK-KZRM-RX7,NOKEN AS RX7 MENTAH VARIO 125,2.12 RX7,0,120.000,126.600
549,NOK-KZR1-RX7,NOKEN AS RX7 T1 VARIO 125,2.12 RX7,0,220.000,226.600
550,NOK-KZR2-RX7,NOKEN AS RX7 T2 VARIO 125,2.12 RX7,0,220.000,226.600
551,NOK-2DPM2-RX7,NOKEN AS RX7 MENTAH NMAX OLD PIN 2,2.12 RX7,0,120.000,126.600
552,NOK-2DP12-RX7,NOKEN AS RX7 T1 PIN 2 NMAX OLD,2.12 RX7,0,220.000,226.600
553,NOK-2DP22-RX7,NOKEN AS RX7 T2 PIN 2 NMAX PLD,2.12 RX7,0,220.000,226.600
554,NOK-B56M1-RX7,NOKEN AS RX7 MENTAH PIN 1 NMAX NEW,2.12 RX7,0,120.000,126.600
555,NOK-B6511-RX7,NOKEN AS RX7 T1 PIN 1 NMAX NEW,2.12 RX7,0,220.000,226.600
556,NOK-B6521-RX7,NOKEN AS T2 PIN 1 NMAX NEW,2.12 RX7,0,220.000,226.600
557,NOK-K1ZM-RX7,NOKEN AS RX7 MENTAH  VARIO 160,2.12 RX7,0,120.000,126.600
558,NOK-K1Z1-RX7,NOKEN AS RX7 T1 VARIO 160,2.12 RX7,0,220.000,226.600
559,NOK-K1Z2-RX7,NOKEN AS RX7 T2 VARIO 160,2.12 RX7,0,220.000,226.600
560,NOK-KOJM-RX7,NOKEN AS RX7 MENTAH GENIO,2.12 RX7,0,120.000,126.600
561,NOK-KOJ1-RX7,NOKEN AS RX7 T1 GENIO,2.12 RX7,0,220.000,226.600
562,NOK-KOJ2-RX7,NOKEN AS RX7 T2 GENIO,2.12 RX7,0,220.000,226.600
563,NOK-2PH1-RX7,NOKEN AS RX7 T1 MIO M3,2.12 RX7,0,220.000,226.600
564,NOK-2PH2-RX7,NOKEN AS RX7 T2 MIO M3,2.12 RX7,0,220.000,226.600
565,NOK-54P1-RX7,NOKEN AS RX7 T1 MIO J,2.12 RX7,0,220.000,226.600
566,NOK-54P2-RX7,NOKEN AS RX7 T2 MIO J,2.12 RX7,0,220.000,226.600
567,NOK-5TLM-RX7,NOKEN AS RX7 MENTAH MIO SPORTY,2.12 RX7,0,120.000,126.600
568,NOK-5TL1-RX7,NOKEN AS RX7 T1 MIO SPORTY,2.12 RX7,0,220.000,226.600
569,NOK-5TL2-RX7,NOKEN AS RX7 T2 MIO SPORTY,2.12 RX7,0,220.000,226.600
570,NOK-VSPM-RX7,NOKEN AS RX7 MENTAH VESPA MATIC,2.12 RX7,0,120.000,126.600
571,NOK-VSP1-RX7,NOKEN AS RX7 T1 VESPA MATIC,2.12 RX7,0,220.000,226.600
572,NOK-VSP2-RX7,NOKEN AS RX7 T2 VESPA MATIC,2.12 RX7,0,220.000,226.600
573,KZR-VTSTD-RX7,VELOCITY RX7 VARIO 125 STANDART,2.12 RX7,0,160.000,168.800
574,KZR-VTR-RX7,VELOCITY RX7 VARIO 125 RACING,2.12 RX7,0,160.000,168.800
575,K97-VTST-RX7,VELOCITY RX7 PCX 150 STANDART,2.12 RX7,0,160.000,168.800
576,K1Z-VTST-RX7,VELOCITY RX7 VARIO 160 STANDART,2.12 RX7,0,160.000,168.800
577,KOJ-VTR-RX7,VELOCITY RX7 GENIO RACING,2.12 RX7,0,160.000,168.800
578,2DP-VTST-RX7,VELOCITY RX7 NMAX 155 STANDART,2.12 RX7,0,160.000,168.800
579,2DP-VTR-RX7,VELOCITY RX7 NMAX 155 RACING,2.12 RX7,0,160.000,168.800
580,B65-VTR-RX7,VELOCITY RX7 AEROX RACING,2.12 RX7,0,160.000,168.800
581,2DPN-VTR-RX7,VELOCITY RX7 NMAX NEW RACING,2.12 RX7,0,160.000,168.800
582,K44-VTR-RX7,VELOCITY RX7 BEAT ESP RACING,2.12 RX7,0,160.000,168.800
583,K1Z-TPS-RX7,SENSOR TPS RX7 VARIO 160,2.12 RX7,2,232.000,244.760
584,K36-TPS-RX7,SENSOR TPS RX7 VARIO 150,2.12 RX7,1,232.000,244.760
585,K97-TPS-RX7,SENSOR TPS RX7 PCX 150,2.12 RX7,0,232.000,244.760
586,KOJ-TPS-RX7,SENSOR TPS RX7 GENIO,2.12 RX7,0,216.000,227.880
587,B65-TPS-RX7,SENSOR TPS RX7 AEROX 155,2.12 RX7,1,232.000,244.760
588,2DP-TPS-RX7,SENSOR TPS RX7 NMAX 155,2.12 RX7,0,232.000,244.760
589,K44-TPS-RX7,SENSOR TPS RX7 BEAT FI ESP,2.12 RX7,0,196.000,206.780
590,IJKY-150-RX7,INJEKTOR YAMAHA RX7 150 CC,2.12 RX7,0,200.000,211.000
591,IJKY-160-RX7,INJEKTOR YAMAHA RX7 160 CC,2.12 RX7,0,200.000,211.000
592,IJKY-170-RX7,INJEKTOR YAMAHA RX7 170 CC,2.12 RX7,0,200.000,211.000
593,IJKY-180-RX7,INJEKTOR YAMAHA RX7 180 CC,2.12 RX7,0,200.000,211.000
594,IJKH-130-RX7,INJEKTOR HONDA RX7 130 CC,2.12 RX7,0,200.000,211.000
595,IJKH-160-RX7,INJEKTOR HONDA RX7 160 CC,2.12 RX7,0,200.000,211.000
596,IJKH-180-RX7,IJEKTOR HONDA RX7 180 CC,2.12 RX7,0,200.000,211.000
597,14T-RASIO-VR,GIGI RASIO VARIO 14T RX7,2.12 RX7,0,240.000,253.200
598,ISC-B74-RX7,ISC MANUAL XMAX RX7,2.12 RX7,0,120.000,126.600
599,ISC-2DP-RX7,ISC MANUAL NMAX 155 RX7,2.12 RX7,0,100.000,105.500
600,ISC-B65-RX7,ISC MANUAL AEROX 155 RX7,2.12 RX7,0,100.000,105.500
601,ISC-K1Z-RX7,ISC MANUAL PCX 160 RX7,2.12 RX7,4,108.000,113.940
602,GGI-STRK-RX7,GIGI SENTRIK RX7 VARIO 150,2.12 RX7,9,180.000,189.900
603,"KVY-54,5-RX7","BLOK BOREUP RX7 54,5 mm, RX7",2.12 RX7,0,440.000,464.200
604,"K44-54,5-RX7","BLOK BOREUP RX7 54,5 mm BEAT ESP",2.12 RX7,0,440.000,464.200
605,K35-62-RX7,BLOK BOREUP RX7 62mm,2.12 RX7,0,440.000,464.200
606,"KZR-58,5-RX7","BLOK BOREUP RX7 58,5 cc VARIO 125",2.12 RX7,0,560.000,590.800
607,2DP-62-RX7,BLOK BOREUP RX7 62mm NMAX 155,2.12 RX7,0,560.000,590.800
608,2DP-63-RX7,BLOK BOREUP RX7  63mm NMAX 155,2.12 RX7,0,560.000,590.800
609,KOJ-53-RX7,BLOK BOREUP RX7 53mm GENIO,2.12 RX7,0,440.000,464.200
610,5TL-54-RX7,BLOK BOREUP RX7 54mm MIO,2.12 RX7,0,440.000,464.200
611,K44TB-30-RX7,THROTTLEBODY RX7 BEAT FI 30 mm,2.12 RX7,0,600.000,648.000
612,K44TB-28-RX7,THROTTLEBODY RX7 BEAT FI 28 mm,2.12 RX7,0,600.000,648.000
613,B65TB-36-RX7,THROTTLEBODY  RX7 AEROX 36mm,2.12 RX7,0,600.000,648.000
614,B65TB-32-RX7,THROTTLEBODY  RX7 AEROX 32mm,2.12 RX7,0,600.000,648.000
615,B65TB-34-RX7,THROTTLEBODY  RX7 AEROX 34 mm,2.12 RX7,0,600.000,648.000
616,K35TB-36-RX7,THROTTLEBODY  RX7 VARIO 150 36mm,2.12 RX7,0,600.000,648.000
617,K35-34-RX7,THROTTLEBODY RX7  VARIO 150 34 mm,2.12 RX7,0,600.000,648.000
618,K35-30-RX7,THROTTLEBODY RX7  VARIO 150 30 mm,2.12 RX7,0,600.000,648.000
619,CH-K16-PM1,MANGKOK CUSTOM LUBANG POWER MAXX,2.22 POWER MAXX-CH,16,165.000,-
620,B6H-FTR-DYT,FILTER DAYTONA NMAX NEW,2.6 DAYTONA,5,42.075,45.441
621,PKLP-32-RX7,PER KLEP MIO SINGLE 32 MM,2.12 RX7,0,100.000,105.500
622,PKLP-34-RX7,PER KLEP MIO SMEDIUM 34 MM,2.12 RX7,0,100.000,120.000
623,PKLP-HRD-RX7,PER KLEP RX7 GENIO HARD,2.12 RX7,0,100.000,105.500
624,PKLP-MED-RX7,PER KLEP RX7 GENIO MEDIUM,2.12 RX7,0,100.000,105.500
625,CH-KVY-PM1,MANGKOK CUSTOM LUBANG POWER MAXX,2.22 POWER MAXX-CH,263,145.000,-
626,CH-KVB-PM1,MANGKOK CUSTOM LUBANG POWER MAXX,2.22 POWER MAXX-CH,36,165.000,-
627,CH-B65-PM1,MANGKOK CUSTOM LUBANG POWER MAXX,2.22 POWER MAXX-CH,45,165.000,-
628,CH-5TL-PM1,MANGKOK CUSTOM LUBANG POWER MAXX,2.22 POWER MAXX-CH,19,145.000,-
629,CH-2PH-PM1,MANGKOK CUSTOM LUBANG POWER MAXX,2.22 POWER MAXX-CH,51,145.000,-
630,CH-1LB-PM1,MANGKOK CUSTOM LUBANG POWER MAXX,2.22 POWER MAXX-CH,0,155.000,-
631,CH-54P-PM1,MANGKOK CUSTOM LUBANG POWER MAXX,2.22 POWER MAXX-CH,94,155.000,-
632,CH-B74-PM1,MANGKOK CUSTOM LUBANG POWER MAXX,2.22 POWER MAXX-CH,15,226.000,-
633,CH-44D-PM1,MANGKOK CUSTOM LUBANG POWER MAXX,2.22 POWER MAXX-CH,24,145.000,-
634,CH-K16KS-PM,MANGKOK KARTEL SILANG POWERMAXX,2.22 POWER MAXX-CH,5,165.000,-
635,CH-KVYKS-PM,MANGKOK KARTEL SILANG POWERMAXX,2.22 POWER MAXX-CH,73,165.000,-
636,CH-KVBKS-PM,MANGKOK KARTEL SILANG POWERMAXX,2.22 POWER MAXX-CH,341,165.000,-
637,CH-B65KS-PM,MANGKOK KARTEL SILANG POWERMAXX,2.22 POWER MAXX-CH,100,165.000,-
638,CH-5TLKS-PM,MANGKOK KARTEL SILANG POWERMAXX,2.22 POWER MAXX-CH,8,165.000,-
639,CH-2PHKS-PM,MANGKOK KARTEL SILANG POWERMAXX,2.22 POWER MAXX-CH,49,165.000,-
640,CH-K16KM-PM,MANGKOK KARTEL MIRING POWERMAXX,2.22 POWER MAXX-CH,0,145.000,-
641,CH-KVYKM-PM,MANGKOK KARTEL MIRING POWERMAXX,2.22 POWER MAXX-CH,0,145.000,-
642,CH-B65KM-PM,MANGKOK KARTEL MIRING POWERMAXX,2.22 POWER MAXX-CH,0,165.000,-
643,CH-2PHKM-PM,MANGKOK KARTEL MIRING POWERMAXX,2.22 POWER MAXX-CH,0,165.000,-
644,CH-KVBKM-PM,MANGKOK KARTEL MIRING POWERMAXX,2.22 POWER MAXX-CH,0,165.000,-
645,CH-5TLKM-PM,MANGKOK KARTEL MIRING POWERMAXX,2.22 POWER MAXX-CH,0,145.000,-
646,2DP-PLATE-PM,RAMPLATE CUSTOM POWERMAXX,2.23 POWER MAXX-RAMPLATE,36,45.000,-
647,KWN-PLATE-PM,RAMPLATE CUSTOM POWERMAXX,2.23 POWER MAXX-RAMPLATE,32,45.000,-
648,KVB-PLATE-PM,RAMPLATE CUSTOM POWERMAXX,2.23 POWER MAXX-RAMPLATE,66,45.000,-
649,KOJ-PLATE-PM,RAMPLATE CUSTOM POWERMAXX,2.23 POWER MAXX-RAMPLATE,81,45.000,-
650,KVY-PLATE-PM,RAMPLATE CUSTOM POWERMAXX,2.23 POWER MAXX-RAMPLATE,33,45.000,-
651,2SX-PLATE-PM,RAMPLATE CUSTOM POWERMAXX,2.23 POWER MAXX-RAMPLATE,23,45.000,-
652,2PH-PLATE-PM,RAMPLATE CUSTOM POWERMAXX,2.23 POWER MAXX-RAMPLATE,3,45.000,-
653,44D-PLATE-PM,RAMPLATE CUSTOM POWERMAXX,2.23 POWER MAXX-RAMPLATE,13,45.000,-
654,54P-PLATE-PM,RAMPLATE CUSTOM POWERMAXX,2.23 POWER MAXX-RAMPLATE,40,45.000,-
655,5TL-PLATE-PM,RAMPLATE CUSTOM POWERMAXX,2.23 POWER MAXX-RAMPLATE,28,45.000,-
656,SC10W30-MTL8,OLI MOTUL SCOOTER LE 4T 800ML 10W-30,2.19 OLI,23,60.000,64.800
657,SC10W30-MTL1,OLI MOTUL SCOOTER LE 4T  10W-30 1 LTR,2.19 OLI,35,80.000,86.400
658,EX10W30-MTL8,OLI MOTUL EXPERT LE 4T 800ML 10W-30,2.19 OLI,8,81.000,89.000
659,EX10W30-MTL1,OLI MOTUL EXPERT LE 4T 1 L 10W-30,2.19 OLI,29,99.200,107.136
660,EX10W40-MTL8,OLI MOTUL EXPERT LE 800ML 10W-40,2.19 OLI,11,87.300,94.284
661,EX10W40-MTL1,OLI MOTUL EXPERT LE 1 L 10W-40,2.19 OLI,26,99.200,107.136
662,SP5W40-MTL8,OLI MOTUL SCOOTER POWER LE  800ML 5W-40,2.19 OLI,24,105.000,113.400
663,SP5W40-MTL1,OLI MOTUL SCOOTER POWER LE  5W-40 1 LTR,2.19 OLI,4,115.000,124.200
664,SGEAR-MTL120,OLI MOTUL SCOOTER GEAR 120 ML 80W-90,2.19 OLI,59,26.500,28.620
665,MPX210W30-AHM,OLI AHM MPX2 800 ML 10W-30,2.19 OLI,4,52.510,56.771
666,"YM-20W40-0,8",OLI YAMALUBE MATIC 800 ML 20W-40,2.19 OLI,34,41.500,44.820
667,YMS10W40-1L,OLI YAMALUBE SUPER MATIC 10W-40 1 LTR,2.19 OLI,14,73.123,78.973
668,SPX210W30-8ML,OLI SPX2 800 ML 10W-30,2.19 OLI,7,62.745,67.765
669,GEAR-AHM 120m,OLI GEAR AHM 10W-30 120 ML,2.19 OLI,0,18.000,-
670,"MG10W40-0,8",OLI MAVIC GEO 800 ML 10W-40,2.19 OLI,11,5,-
671,"MHQ10W30-0,8",OLI MAVIC MATIC 800 ML 10W-30,2.19 OLI,13,5,-
672,MRX5W40-1,OLI MAVIC RX 5W-40 1 LTR,2.19 OLI,0,5,-
673,GOLD-MTL-1ltr,OLI MOTUL GOLD 3100 10W-40 4T 1 LTR,2.19 OLI,22,5,-
674,7100-10W40-1L,OLI 7100 4T 10W-40 1 LTR,2.19 OLI,7,5,-
675,7100-5W40-1L,71004T 5W-40 1 LTR,2.19 OLI,13,5,-
676,5100-10W40-1L,OLI 51004T 10W-40 1 LTR,2.19 OLI,13,5,-
677,510-2T-1L,OLI 510 2T 1 LTR,2.19 OLI,13,5,-
678,ATC-37C-1L,AUTO COOL OPTIMAL 37C 1 LTR,2.19 OLI,11,75.000,81.000
679,MTM-10W40-1L,MOTUL MOTO 10W-40 1 LTR,2.19 OLI,18,70.000,78.000
680,GP-10W40-1L,OLI GP POWER  4T 10W-40 1 LTR,2.19 OLI,23,5,-
681,TRC-125-GRD,OLI GARDAN TRANSCOOT DOSE 125 ML,2.19 OLI,3,5,-
682,SCOT-10W30-1L,OLI SCOOT 4 10W-30 1 LTR,2.19 OLI,17,5,-
683,IPS-2T-1L,IPONE SAMOURAI RACING 2T 1 LTR,2.19 OLI,15,253.000,273.240
684,IPRS-STR-1L,IPONE RS FRAISE STRAWBERRY 1 LTR,2.19 OLI,38,157.000,169.560
685,IPS-2R-1L,IPONE STROKE 2R 1 LTR,2.19 OLI,16,255.000,275.400
686,TRDT-RED-ARM,TUTUP RADIATOR ARUMI MERAH,2.13 ARUMI,8,52.800,55.704
687,TRDT-SVR-ARM,TUTUP RADIATOR ARUMI SILVER,2.13 ARUMI,8,52.800,55.704
688,TRDT-BLU-ARM,TUTUP RADIATOR ARUMI BIRU,2.13 ARUMI,2,52.800,55.704
689,TRDT-BLK-ARM,TUTUP RADIATOR ARUMI HITAM,2.13 ARUMI,14,52.800,57.024
690,CVR-VRO-BLK,COVER RADIATOR VARIO 150 HITAM ARUMI,2.13 ARUMI,10,70.400,74.272
691,CVR-VRO-SLV,COVER RADIATOR VARIO 150 ARUMI SILVER,2.13 ARUMI,6,70.400,74.272
692,CVR-V160-BLK,COVER RADIATOR VARIO 160 ARUMI HITAM,2.13 ARUMI,28,70.400,74.272
693,CSLV-V160-ARM,COVER RADIATOR VARIO 160 ARUMI SILVER,2.13 ARUMI,33,70.400,74.272
694,"CTR-1,0-X1",1.000 RPM CENTRIK X1,2.24 X1 RACING,100,20.500,23.500
695,1200-CENTRIK-X1,1.200 RPM CENTRIK X1,2.24 X1 RACING,53,20.500,23.500
696,1500-CENTRIK-X1,1.500 RPM CENTRIK X1,2.24 X1 RACING,19,20.500,23.500
697,2000-CENTRIK-X1,2.000 RPM CENTRIK X1,2.24 X1 RACING,67,20.500,23.500
698,1000-CENTRIK-XMAX,1.000 RPM XMAX X1 RACING,2.24 X1 RACING,0,34.500,39.000
699,1500-CENTRIK-XMAX,1500 RPM CENTRIK XMAX,2.24 X1 RACING,21,34.500,39.000
700,2000-CENTRIK-XMAX,2.000 RPM CENTRIK XMAX,2.24 X1 RACING,0,34.500,39.000
701,1000-PERCVT-PCX,1.000 RPM PER CVT PCX-ADV 150-160 CC,2.24 X1 RACING,15,42.500,46.500
702,1500-PERCVT-PCX,1.500 RPM PER CVT PCX-ADV 150-160 CC,2.24 X1 RACING,47,42.500,46.500
703,2000-PERCVT-PCX,2.000 RPM PER CVT PCX-ADV 150-160 CC,2.24 X1 RACING,37,42.500,46.500
704,1000-PERCVT-BEATFI,1.000 RPM PER CVT BEAT FI,2.24 X1 RACING,27,42.500,46.500
705,1500-PERCVT-BEATFI,1.500 RPM PER CVT BEAT FI,2.24 X1 RACING,46,42.500,46.500
706,2000-PERCVT-BEATFI,2.000 RPM PER CVT BEAT FI,2.24 X1 RACING,21,42.500,46.500
707,1000-PERCVT-5TL,1.000 RPM PER CVT-MIO KARBU,2.24 X1 RACING,35,42.500,46.500
708,1500-PERCVT-5TL,1.500 RPM PER CVT-MIO KARBU,2.24 X1 RACING,41,42.500,46.500
709,2000-PERCVT-5TL,2.000 RPM PER CVT-MIO KARBU,2.24 X1 RACING,21,42.500,46.500
710,1000-PERCVT-54P,1.000 RPM PER CVT-MIO J 115,2.24 X1 RACING,40,42.500,46.500
711,1500-PERCVT-54P,1.500 RPM PER CVT-MIO J 115,2.24 X1 RACING,21,42.500,46.500
712,2000-PERCVT-54P,2.000 RPM PER CVT-MIO J 115,2.24 X1 RACING,0,42.500,46.500
713,1000-PERCVT-2DP,1.000 RPM PER CVT-NMAX-AEROX,2.24 X1 RACING,8,42.500,46.500
714,1500-PERCVT-2DP,1.500 RPM PER CVT-NMAX-AEROX,2.24 X1 RACING,14,42.500,46.500
715,2000-PERCVT-2DP,2.000 RPM PER CVT-NMAX-AEROX,2.24 X1 RACING,20,42.500,46.500
716,1000-PERCVT-XMAX,1.000 RPM PER CVT XMAX X1,2.24 X1 RACING,20,55.000,59.500
717,1500-PERCVT-XMAX,1.500 RPM PER CVT XMAX X1,2.24 X1 RACING,100,55.000,59.500
718,2000-PERCVT-XMAX,2.000 RPM PER CVT XMAX X1,2.24 X1 RACING,26,55.000,59.500
719,125CC-INJEKTOR-X1,INJEKTOR HONDA 125 CC,2.24 X1 RACING,0,122.500,127.500
720,150CC-INJEKTOR-X1,INJEKTOR HONDA 150 CC,2.24 X1 RACING,6,122.500,127.500
721,160CC-INJEKTOR-X1,INJEKTOR HONDA 160 CC,2.24 X1 RACING,9,122.500,127.500
722,170CC-INJEKTOR-X1,INJEKTOR HONDA 170 CC,2.24 X1 RACING,7,122.500,127.500
723,180CC-INJEKTOR-X1,INJEKTOR HONDA 180 CC,2.24 X1 RACING,8,122.500,127.500
724,200CC-INJEKTOR-X1,INJEKTOR HONDA 200 CC,2.24 X1 RACING,8,122.500,127.500
725,GN5-KOMSTIR-X1,KOMSTIR X1 BEAT VARIO GN5,2.24 X1 RACING,52,45.500,49.000
726,KSTR-MIO-X1,KOMSTIR X1 RACING MIO,2.24 X1 RACING,39,41.500,46.500
727,SLDR-PCX-X1,SLIDER X1 RACING PCX-VARIO-ADV,2.24 X1 RACING,29,15.500,19.500
728,SLDR-BEAT-X1,SLIDER X1 RACING BEAT-SCOOPY,2.24 X1 RACING,46,15.500,19.500
729,SLDR-MIO-X1,SLIDER X1 RACING MIO-NMAX,2.24 X1 RACING,38,15.500,19.500
730,2DP-OTO-X1-SK,KAMPAS GANDA 2DP SEMI KARBON,2.24 X1 RACING,38,132.500,138.500
731,K44-OTO-X1-SK,KAMPAS GANDA X1 K44 SEMI KARBON,2.24 X1 RACING,69,108.500,112.500
732,KVY-OTO-X1-SK,KAMPAS GANDA X1 KVY SEMI KARBON,2.24 X1 RACING,45,108.500,112.500
733,OTO-2DPF-X1,KAMPAS GANDA X1 RACING FULL KARBON 2DP-KVB-2PH,2.24 X1 RACING,0,132.500,136.500
734,OTO-K44F-X1,KAMPAS GANDA X1 RACING FULL KARBON K44-KOJ-K16,2.24 X1 RACING,0,112.500,116.500
735,OTO-KVYF-X1,KAMPAS GANDA X1 RACING FULL  KARBON KVY-5TL-KZL,2.24 X1 RACING,0,107.500,111.500
736,DUMPER-MATIC-X1,KARET DUMPER GANDA ISI 3 PCS,2.24 X1 RACING,51,12.500,15.500
737,KZL-GASKET-HEAD,SEAL GASKET HEAD KZL,2.24 X1 RACING,10,207.000,214.500
738,TPS-KZR-X1,SENSOR TPS X1 RACING KZR-K44-K36,2.24 X1 RACING,7,125.500,132.500
739,TPS-K97-X1,SENSOR TPS X1 RACING K97,2.24 X1 RACING,3,207.000,214.500
740,TPS-KOJ-X1,SENSOR TPS X1 RACING KOJ-K2S,2.24 X1 RACING,0,125.500,132.500
741,TPS-2DP-X1,SENSOR TPS X1 RACING 2DP-54P,2.24 X1 RACING,9,207.000,214.500
742,TPS-B65-1,SENSOR TPS X1 RACING B65,2.24 X1 RACING,4,207.000,214.500
743,KVB-BEARING-X1,BEARING PULLEY 2PCS,2.24 X1 RACING,4,25.000,27.000
744,K1Z-BEARING-X1,BEARING PULLEY 2 PCS,2.24 X1 RACING,11,32.000,34.560
745,KVB-BOSHMNTG-X1,BOSH MOUNTING KVB 2 PCS,2.24 X1 RACING,27,35.000,37.800
746,KZL-ASPULLEY-X1,AS PULLEY BELAKANG KZL,2.24 X1 RACING,5,85.500,95.000
747,SEAL-K44-X1,SEAL AS PULLEY BELAKANG X1 RACING KVY-K44-KOJA-K36-K97,2.24 X1 RACING,31,25.500,27.540
748,TKTG-MIO-X1,TONJOKAN KETENG X1 RACING MIO 5TL,2.24 X1 RACING,0,5,-
749,TKTG-HND-X1,TONJOKAN KETENG X1 RACING HONDA K1A,2.24 X1 RACING,0,5,-
750,BBCVT-HND-X1,BEARING BAK CVT X1 RACING ALL TYPE HONDA,2.24 X1 RACING,1,5,-
751,ASSC-KZL-X1,AS SHOCK X1 RACING BEAT FI-KZL,2.24 X1 RACING,0,5,-
752,WTRP-KZR-X1,WATERPUMP X1 RACING VARIO 125 KZR-KWN,2.24 X1 RACING,0,5,-
753,SEALS-KZL-X1,SEAL SHOCK X1 RACING ALL TYPE HONDA,2.24 X1 RACING,2,20.500,22.140
754,SEALF-HND-X1,SEAL FUELPUMP X1 RACING ALL TYPE HONDA,2.24 X1 RACING,8,12.500,15.500
755,SEALSD-KZL-X1,SEAL SHOCK DEPAN X1 RACING KZL ALL TYPE HONDA,2.24 X1 RACING,0,20.500,22.140
756,91202-KVB-901,SIL KRUK AS KVB,2.16 HGP,74,7.613,8.222
757,91292-KJ9-003,SIL AS PULLEY,2.16 HGP,3,7.438,8.033
758,91202-KOJ-NO1,SIL KRUK AS GENIO,2.16 HGP,24,21.600,23.328
759,91202-KWN-901,SIL KRUK AS KWN,2.16 HGP,81,9.625,10.395
760,12391-KZR-600,KARET HEAD KZR,2.16 HGP,19,49.500,53.460
761,19226-KWN-900,WATERPUMP KWN,2.16 HGP,14,10.800,11.664
762,12391-K1A-N01,KARET HEAD K1A,2.16 HGP,16,22.750,24.570
763,91201-K44-V01,SIL MAGNET BEAT ESP,2.16 HGP,6,5,-
764,22105-K44-V00,BOSH FC K44,2.16 HGP,7,24.750,26.730
765,22105-K97-T00,BOSH RUMAH ROLLER K97,2.16 HGP,20,24.300,26.244
766,22105-KOR-V00,BOSH RUMAH ROLLER PCX 160,2.16 HGP,15,5,-
767,2DP-E7412-00,LAHER BAK CVT NMAX,2.17 YGP,28,5,-
768,30700-KPH-881,TUTUP BUSI KPH,2.16 HGP,0,5,-
769,95011-61000,KARET STD TENGAH BEAT,2.16 HGP,19,5,-
770,BUSHING-HANGER,BUSHING HANGER HONDA,2.16 HGP,0,15.750,17.010
771,BUSHING-YMH,BUSHING KARET MOUNTING YAMAHA,2.17 YGP,0,5,-
772,BSSBKR-HND,BUSHING SHOCKBREAKER HONDA,2.16 HGP,17,29.900,32.292
773,50503-K25-900,AS STANDART 2 VARIO 125,2.16 HGP,0,15.000,33.750
774,5053-KOJ-N00,AS STANDART 2 GENIO/BEAT DELUXE,2.16 HGP,0,15.000,33.750
775,FTR-STLS-K44,FILTER UDARA STAINTLESS K44 BEAT ESP,2.16 HGP,0,100.000,120.000
776,FTR-STLS-B6H,FILTER UDARA STAINTLESS B6H NMAX 2020-NOW,2.17 YGP,11,5,-
777,FTR-STLS-2DP,FILTER UDARA STAINTLESS 2DP NMAX 2015-2019,2.17 YGP,11,5,-
778,FTR-STLS-B65,FILTER UDARA STAINTLESS B65 AEROX-LEXI 155 OLD,2.17 YGP,17,5,-
779,FTR-STLS-KOJ,FILTER UDARA STAINTLESS KOJ-GENIO,2.16 HGP,0,100.000,120.000
780,FTR-STLS-K97,FILTER UDARA STAINTLESS K97-PCX-ADV 150,2.16 HGP,22,100.000,120.000
781,FTR-STLS-K1Z,FILTER UDARA STAINTLESS K1Z-PCX-ADV 160,2.16 HGP,2,100.000,120.000
782,FTR-STLS-K36,FILTER UDARA STAINTLESS K36-VARIO 125-150,2.16 HGP,0,100.000,120.000
783,OTO-RELINING,KAMPAS GANDA RELINING 44D- XEON KARBU-FI,2.17 YGP,0,5,-
784,OTO-2DP-YGP,KAMPAS GANDA ORIGINAL 2DP-NMAX-AEROX-LEXI-VARIO-PCX,2.17 YGP,28,5,-
785,SLDR-PCX-DR,PIECE SLIDER DR PULLEY  VARIO 125-150-PCX,2.10 DR PULLEY,142,39.900,43.092
786,SLDR-MIO-DR,PIECE SLIDER DR PULLEY  MIO-NMAX-AEROX,2.10 DR PULLEY,96,37.125,40.095
787,SLDR-BEAT-DR,PIECE SLIDER DR PULLEY  BEAT -SCOOPY,2.10 DR PULLEY,174,35.625,38.475
788,SLDR-XMX-DR,PIECE SLIDER DR PULLEY  XMAX 250CC,2.10 DR PULLEY,102,47.025,50.787
789,CTR-1.0-DR,PER CENTRI DR PULLEY 1000 RPM,2.10 DR PULLEY,0,42.038,45.401
790,CTR-1.5-DR,PER CENTRI DR PULLEY 1500 RPM,2.10 DR PULLEY,207,42.038,45.401
791,CH 54P-KS,MANGKOK GANDA KARTEL SILANG POWER MAXX,2.22 POWER MAXX-CH,169,55.000,-
792,CH B74-KS-PM,MANGKOK GANDA,2.22 POWER MAXX-CH,0,216.000,246.000
793,CH KVY KL-PM,MANGKOK GANDA KARTEL LURUS POWER MAXX,2.22 POWER MAXX-CH,0,216.000,-
794,CH K16 KL-PM,MANGKOK GANDA KARTEL LURUS POWE RMAXX,2.22 POWER MAXX-CH,0,216.000,-
795,CH 5TL KL-PM,MANGKOK GANDA KARTEL LURUS POWER MAXX,2.22 POWER MAXX-CH,0,216.000,-
796,5TL-08-DRP,ROLLER DR PULLY,2.10 DR PULLEY,23,85.500,92.340
797,5TL-07-DRP,ROLLER DR PULLY,2.10 DR PULLEY,45,85.500,92.340
798,5TL-09-DRP,ROLLER DR PULLY,2.10 DR PULLEY,26,85.500,92.340
799,5TL-10-DRP,ROLLER DR PULLY,2.10 DR PULLEY,63,85.500,92.340
800,NINJA -250,FILTER PROPER  CBR 150 K45,2.11 PROPER,1,126.000,136.080
801,NINJA-ZX 25R,FILTER PROPER  ZX 25R,2.11 PROPER,0,126.000,136.080
802,CBR 150 K45,FILTER PROPER CBR 150 K45,2.11 PROPER,5,126.000,136.080
803,XMAX BIG,FILTER PROPER XMAX BIG,2.11 PROPER,0,140.000,151.200
804,XMAX SMALL,FILTER XMAX SMALLPROPER,2.11 PROPER,1,84.000,90.720
805,PROPER-MX KING,FILTER PROPER MX KING,2.11 PROPER,10,94.500,102.060
806,PROPER-R15 V3,FILTER PROPER R15 V3,2.11 PROPER,2,105.000,113.400
807,PROPER-R25,FILTER PROPER R25,2.11 PROPER,2,126.000,136.000
808,PLDM-KOJ,PELINDUNG MESIN BEAT DELUXE/GENIO,2.21 LAINNYA,57,500.000,-
809,PLDM-K36,PELINDUNG MESIN VARIO 125-150,2.21 LAINNYA,73,50.000,-
810,PLDM-K1Z,PELINDUNG MESIN VARIO 160-PCX 160,2.21 LAINNYA,43,50.000,-
811,PLDM-KVY,PELINDUNG MESIN BEAT KARBU-BEAT FI ESP  OLD.,2.21 LAINNYA,109,50.000,-
812,PLDM-2DP,PELINDUNG MESIN NMAX,2.21 LAINNYA,15,75.000,-
813,KCP-KH,KACA SPION X1 KARBON HITAM,2.21 LAINNYA,41,50.000,-
814,KCP-KC,KACA SPION X1 KARBON CROME,2.21 LAINNYA,70,50.000,-
815,KCP-BMW,KACA SPION BMW PENDEK,2.21 LAINNYA,15,50.000,-
816,KCP-CLICK,KACA SPION CLICK,2.21 LAINNYA,60,50.000,-
817,KCP-NONLOGO,KACA SPION X1 NON LOGO,2.21 LAINNYA,0,50.000,-
818,KCP-PCX,KACA SPION PCX,2.21 LAINNYA,0,50.000,-
819,PHONE-HLDR,PHONE HOOLDER,2.20 ACESORIS,0,50.000,-
820,CVR-NMX-BLK,COVER RADIATOR ARUMI NMAX HITAM,2.13 ARUMI,3,70.400,74.272
821,CVR-NMX-SLVR,COVER RADIATOR ARUMI NMAX SILVER,2.13 ARUMI,3,70.400,74.272
822,CVR-KNPLT,COVER KNALPOT TEMENG VARIO ARUMI,2.13 ARUMI,0,46.400,48.952
823,BRKT-RED-PTN,BRAKET MANISAN ARUMI PATTERN MERAH,2.13 ARUMI,5,46.400,48.952
824,BRKT-GOLD-PTN,BRAKET MANISAN ARUMI PATTERN GOLD,2.13 ARUMI,8,46.400,48.952
825,BRKT-BIRU-PTN,BRAKET MANISAN ARUMI PATTERN BIRU,2.13 ARUMI,10,46.400,48.952
826,BRKT-BLK-PTN,BRAKET MANISAN ARUMI PATTERN HITAM,2.13 ARUMI,10,46.400,48.952
827,BRKT-SLVR-PTN,BRAKET MANISAN ARUMI PATTERN SILVER,2.13 ARUMI,12,46.400,48.952
828,BRKT-RED-CBRNMX,BRAKET MANISAN ARUMI CYBER NMAX  MERAH,2.13 ARUMI,17,46.400,48.952
829,BRKT-GLD-CBRNMX,BRAKET MANISAN ARUMI  CYBER NMAX GOLD,2.13 ARUMI,4,46.400,48.952
830,BRKT-BIRU-CBRNMX,BRAKET MANISAN ARUMI CYBER NMAX BIRU,2.13 ARUMI,5,46.400,48.952
831,BRKT-SLVR-CBRNMX,BRAKET MANISAN ARUMI CYBER NMAX SILVER,2.13 ARUMI,12,46.400,48.952
832,BRKT-RED-CBRVR,BRAKET MANISAN ARUMI CYBER VARIO MERAH,2.13 ARUMI,0,53.600,56.548
833,BRKT-GLD-CBRVR,BRAKET MANISAN ARUMI CYBER VARIO GOLD,2.13 ARUMI,9,53.600,56.548
834,BRKT-BLK-CBRVR,BRAKET MANISAN ARUMI CYBER VARIO HITAM,2.13 ARUMI,0,53.600,56.548
835,BRKT-BIRU-CBRVR,BRAKET MANISAN ARUMI CYBER VARIO BIRU,2.13 ARUMI,0,53.600,56.548
836,BRKT-SLV-CBRVR,BRAKET MANISAN ARUMI CYBER  VARIO SILVER,2.13 ARUMI,0,53.600,56.548
837,"AEROX-CVT1,5",PER CVT AEROX 1500 DAYTONA 4806,2.6 DAYTONA,35,87.000,93.960
838,"AEROX-CVT1,0",PER CVT AEROX 1000 DAYTONA  4805,2.6 DAYTONA,22,87.000,93.960
839,TPS-KZR-CPO,SENSOR TPS CPO RACING  VARIO 150,2.25 CPO RACING,4,132.000,139.920
840,TPS-KOJ-CPO,SENSOR TPS CPO RACING GENIO,2.25 CPO RACING,3,132.000,139.920
841,TPS-K97-CPO,SENSOR TPS CPO RACING PCX 150,2.25 CPO RACING,6,204.000,216.240
842,TPS-K1Z-CPO,SENSOR TPS CPO RACING PCX 160,2.25 CPO RACING,9,204.000,216.240
843,TPS-2PH-CPO,SENSOR TPS CPO RACING MIO M3,2.25 CPO RACING,5,132.000,139.920
844,TPS-B65-CPO,SENSOR TPS CPO RACING AEROX,2.25 CPO RACING,5,204.000,216.240
845,TPS-B74-CPO,SENSOR TPS CPO RACING XMAX 300 CC,2.25 CPO RACING,4,204.000,216.240
846,STM-K97-CPO,STELAN MANUAL CPO RACING VARIO 150,2.25 CPO RACING,4,80.000,84.800
847,STM-K56-CPO,STELAN MANUAL CPO RACING SONIC 150 CC,2.25 CPO RACING,6,50.000,53.000
848,STM-K1Z-CPO,STELAN MANUAL CPO RACING  PCX 160,2.25 CPO RACING,7,50.000,53.000
849,STM-2DP-CPO,STELAN MANUAL CPO RACING NMAX 155 CC,2.25 CPO RACING,4,80.000,84.800
850,STM-B65-CPO,STELAN MANUAL CPO RACING AEROX 155,2.25 CPO RACING,6,80.000,84.800
851,STM-B74-CPO,STELAN MANUAL CPO RACING XMAX 250 CC,2.25 CPO RACING,4,90.000,95.400
852,CPOH-8H130CC,INJEKTOR CPO HND 8HOLE 130 CC,2.25 CPO RACING,0,160.000,169.600
853,CPOH-8H140CC,INJEKTOR CPO HND 8HOLE 140 CC,2.25 CPO RACING,3,160.000,169.600
854,CPOH-8H160CC,INJEKTOR CPO HND 8HOLE 160 CC,2.25 CPO RACING,2,160.000,169.600
855,CPOH-8H170CC,INJEKTOR CPO HND 8HOLE 170 CC,2.25 CPO RACING,1,160.000,169.600
856,CPOH-8H180CC,INJEKTOR CPO HND 8HOLE 180 CC,2.25 CPO RACING,0,160.000,169.600
857,CPOH-8H190CC,INJEKTOR CPO HND 8HOLE 190 CC,2.25 CPO RACING,3,160.000,169.600
858,CPOH-10H200CC,INJEKTOR CPO HND 10HOLE 200 CC,2.25 CPO RACING,3,180.000,190.800
859,CPOM2-6H130CC,INJEKTOR CPO M2 6 HOLE 130 CC,2.25 CPO RACING,4,138.000,146.280
860,CPOM2-8H140CC,INJEKTOR CPO M2 8HOLE 140 CC,2.25 CPO RACING,0,138.000,146.280
861,CPOM2-8H150CC,INJEKTOR CPO M2 8HOLE 150CC,2.25 CPO RACING,3,138.000,146.280
862,CPOM2-8H160CC,INJEKTOR CPO RACING M2 8HOLE 160 CC,2.25 CPO RACING,2,150.000,159.000
863,CPOM2-8H170CC,INJEKTOR CPO M2 8HOLE 170 CC,2.25 CPO RACING,3,150.000,159.000
864,CPOM2-8H180CC,INJEKTOR CPO M2 8HOLE 180 CC,2.25 CPO RACING,1,150.000,159.000
865,CPOM2-10H200CC,INJEKTOR M2 CPO  10HOLE 200 CC,2.25 CPO RACING,3,165.000,174.900
866,CPOM2-12H300CC,INJEKTOR CPO M2 12 HOLE 300 CC,2.25 CPO RACING,2,182.000,192.920
867,PERKLP-34CPO,PER KLEP MIO-BEAT CPO 34MM,2.25 CPO RACING,3,75.000,79.500
868,PERKLP-37CPO,PER KLEP VARIO 125 CPO 37 MM,2.25 CPO RACING,1,100.000,106.000
869,OTO-K16S-X1,KAMPAS GANDA X1 RACING SEMI KARBON GENIO BEAT DELUXE,2.24 X1 RACING,21,119.500,-
870,CVT-BEAT1.7-X1,PER CVT BEAT FI 1700 RPM X1 RACING,2.24 X1 RACING,42,42.500,46.500
871,CVT-KVY1.7-X1,PER CVT KVY 1700 RPM X1 RACING,2.24 X1 RACING,21,42.500,46.500
872,CVT-KVY1.5-X1,PER CVT KVY 1500 RPM X1 RACING,2.24 X1 RACING,28,42.500,46.500
873,CVT-BEAT-1200,PER CVT BEAT PLATINUM 1200 RPM,2.18 PLATINUM,678,16.500,39.500
874,CVT-BEAT-1500,PER CVT BEAT PLATINUM RACING 1500 RPM,2.18 PLATINUM,0,16.500,39.500
875,CVT-BEAT-1800,PER CVT BEAT PLATINUM 1800 RPM,2.18 PLATINUM,0,16.500,39.500
876,CVT-BEAT-2000,PER CVT BEAT PLATINUM 2000 RPM,2.18 PLATINUM,125,16.500,39.500
877,CVT-PCX-1000,PER CVT PCX PLATINUM 1000 RPM,2.18 PLATINUM,1271,16.500,39.500
878,CVT-PCX-1200,PER CVT PCX PLATINUM 1200 RPM,2.18 PLATINUM,1002,16.500,39.500
879,CVT-PCX-1500,PER CVT PCX PLATINUM 1500 RPM,2.18 PLATINUM,189,16.500,39.500
880,CVT-PCX-2000,PER  CVT PCX PLATINUM 2000 RPM,2.18 PLATINUM,369,16.500,39.500
881,CVT-XMX-1500,PER CVT XMAX PLATINUM 1500 RPM,2.18 PLATINUM,174,16.500,39.500
882,CVT-XMX-1200,PER CVT XMAX PLATINUM 1200 RPM,2.18 PLATINUM,0,16.500,39.500
883,CVT-XMX-1000,PER CVT XMAX PLATINUM 1000 RPM,2.18 PLATINUM,0,16.500,39.500
884,CVT-XMX-1800,PER CVT XMAX PLATINUM 1800 RPM,2.18 PLATINUM,0,16.500,39.500
885,CVT-XMX-2000,PER CVT XMAX PLATINUM 2000 RPM,2.18 PLATINUM,223,16.500,39.500
886,CVT-NMX-1000,PER CVT NMAX PLATINUM 1000 RPM,2.18 PLATINUM,322,16.500,39.500
887,CVT-NMX-1200,PER CVT NMAX PLATINUM 1200 RPM,2.18 PLATINUM,514,16.500,39.500
888,CVT-NMX-1500,PER CVT NMAX PLATINUM 1500 RPM,2.18 PLATINUM,374,16.500,39.500
889,CVT-NMX-1800,PER CVT NMAX PLATINUM 1800 RPM,2.18 PLATINUM,0,16.500,39.500
890,CVT-NMX-2000,PER CVT NMAX PLATINUM 2000 RPM,2.18 PLATINUM,0,16.500,39.500
891,CVT-MIO-1000,PER CVT MIO PLATINUM 1000 RPM,2.18 PLATINUM,37,16.500,39.500
892,CVT-MIO-1200,PER CVT MIO PLATINUM 1200 RPM,2.18 PLATINUM,0,16.500,39.500
893,CVT-MIO-1500,PER CVT MIO PLATINUM 1500 RPM,2.18 PLATINUM,392,16.500,39.500
894,CVT-MIO-1800,PER CVT MIO PLATINUM 1800 RPM,2.18 PLATINUM,0,16.500,39.500
895,CVT-MIO-2000,PER CVT MIO PLATINUM 2000 RPM,2.18 PLATINUM,381,16.500,39.500
896,CVT-MIOJ-1000,PER CVT MIO J PLATINUM 1000 RPM,2.18 PLATINUM,1524,16.500,39.500
897,CVT-MIOJ-1200,PER CVT MIO J PLATINUM 1200 RPM,2.18 PLATINUM,0,16.500,39.500
898,CVT-MIOJ-1500,PER CVT MIO J PLATINUM 1500 RPM,2.18 PLATINUM,485,16.500,39.500
899,CVT-MIOJ-1800,PER CVT MIO J PLATINUM 1800 RPM,2.18 PLATINUM,0,16.500,39.500
900,CVT-MIOJ-2000,PER CVT MIO J PLATINUM 2000 RPM,2.18 PLATINUM,0,16.500,39.500
901,PERKLP-PCX37,PER KLEP PCX-ADV 150-160 CPO 37 MM,2.25 CPO RACING,2,100.000,106.000
902,PERKLP-K1Z35,PER KLEP VARIO 160 CPO 4V 35 MM,2.25 CPO RACING,2,160.000,169.600
903,PERKLP-NMX35,PER KLEP NMAX AEROX  CPO 35 MM,2.25 CPO RACING,3,160.000,169.600
904,PE24GEN2-CPO,KARBURATOR CPO PE GEN2 24,2.25 CPO RACING,0,260.000,275.600
905,PE26GEN2-CPO,KARBURATOR CPO PE GEN2 26,2.25 CPO RACING,0,260.000,275.600
906,PE28-GEN2-CPO,KARBURATOR CPO PE GEN2 28,2.25 CPO RACING,0,275.000,291.500
907,PE30-GEN2-CPO,KARBURATOR CPO PE GEN2 30,2.25 CPO RACING,6,275.000,291.500
908,PWK-B24-CPO,KARBURATOR PWK CPO GEN2 B24,2.25 CPO RACING,18,285.000,302.100
909,PWK-B26-CPO,KARBURATOR PWK CPO GEN2 B26,2.25 CPO RACING,10,285.000,302.100
910,PWK-B28-CPO,KARBURATOR PWK CPO GEN2 B28,2.25 CPO RACING,0,285.000,302.100
911,PWK-B30-CPO,KARBURATOR PWK CPO GEN2 B30,2.25 CPO RACING,7,285.000,302.100
912,PWK-B32-CPO,KARBURATOR PWK CPO  GEN2 B32,2.25 CPO RACING,13,285.000,302.100
913,KIT-PE24-CPO,REPAIR KIT CPO PE24,2.25 CPO RACING,0,62.500,66.250
914,KIT-PE26-CPO,REPAIR KIT CPO PE 26,2.25 CPO RACING,3,62.500,66.250
915,KIT-PE28.30-CPO,REPAIR KIT CPO PE 28-30,2.25 CPO RACING,0,62.500,66.250
916,KIT-PWK24.30,REPAIR KIT CPO PWK 24-30,2.25 CPO RACING,0,62.500,66.250
917,KIT-PWK32.34,REPAIR KIT CPO PWK 32-34,2.25 CPO RACING,3,62.500,66.250
918,KOIL-KRB-CPO,KOIL KARBURATOR CPO,2.25 CPO RACING,3,138.000,146.280
919,KOIL-IJK-CPO,KOIL INJECTION CPO,2.25 CPO RACING,5,138.000,146.280
920,22105-K1N-VOO,BOSH RUMAH ROLLER PCX 160,2.16 HGP,0,5,-
921,93102-2DP-30802,SEAL KRUK AS 2DP,2.16 HGP,66,7.613,8.222
922,93102-54P-25816,SEAL KRUK AS 54P,2.16 HGP,27,5,-
923,93102-B65-24802,SEAL KRUK AS B65,2.16 HGP,15,12.400,13.392
924,91202-K97-TO1,OLI SEAL K97,2.16 HGP,1,5,-
925,2DP-E7674-00,BOSH RUMAH ROLLER 2DP,2.16 HGP,0,5,-
926,35170-KYZ-901,SAKLAR LAMPU UNIVERSAL MOTOR,2.16 HGP,10,5,-
927,BRKT-BLK-CBRNMX,BRAKET MANISAN ARUMI CYBER NMAX HITAM,2.13 ARUMI,11,46.400,48.952
928,STIK-REM-SLVR,STELAN STIK REM SILVER,2.13 ARUMI,6,26.400,27.852
929,STIK-REM-RED,STELAN STIK REM MERAH,2.13 ARUMI,5,26.400,27.852
930,STIK-REM-BLK,STELAN STIK REM HITAM,2.13 ARUMI,5,26.400,27.852
931,STIK-REM-BLU,STELAN STIK REM BIRU,2.13 ARUMI,1,26.400,27.852
932,PNH-BRG-SLVR,PENAHAN BERING SILVER,2.13 ARUMI,0,31.200,32.816
933,PNH-BRG-RED,PENAHAN BERING MERAH,2.13 ARUMI,0,31.200,32.816
934,PNH-BRG-BLU,PENAHAN BERING BIRU,2.13 ARUMI,0,32.816,31.200
935,PNH-BRG-BLK,PENAHAN BERING HITAM,2.13 ARUMI,0,31.200,32.816
936,JLU-STG-SLVR,JALU STANG SILVER,2.13 ARUMI,0,38.400,40.512
937,JLU-STG-RED,JALU STANG MERAH,2.13 ARUMI,2,38.400,40.512
938,JLU-STG-BLU,JALU STANG BIRU,2.13 ARUMI,4,38.400,40.512
939,JLU-STG-BLK,JALU STANG HITAM,2.13 ARUMI,8,38.400,40.512
940,OLI-MSN-SLVR,TUTUP OLI MESIN SILVER,2.13 ARUMI,0,31.200,32.916
941,OLI-MSN-RED,TUTUP OLI MESIN MERAH,2.13 ARUMI,0,31.200,32.916
942,OLI-MSN-BLU,TUTUP OLI MESIN BIRU,2.13 ARUMI,0,31.200,32.916
943,OLI-MSN-BLK,TUTUP OLI MESIN HITAM,2.13 ARUMI,0,31.200,32.916
944,BRKT-SLG-RED,BRAKET SELANG MERAH,2.13 ARUMI,5,70.400,74.272
945,BRKT-SLG-SLVR,BRAKET SELANG SILVER,2.13 ARUMI,3,70.400,74.272
946,BRKT-SLG-BLU,BRAKET SELANG BIRU,2.13 ARUMI,7,70.400,74.272
947,BRKT-SLG-BLK,BRAKET SELANG HITAM,2.13 ARUMI,7,70.400,74.272
948,BRKT-SLG-GOLD,BRAKET SELANG KUNING,2.13 ARUMI,10,70.400,74.272
949,NMAX-08-DRP,ROLLER DR PULLEY,2.10 DR PULLEY,48,93.000,100.440
950,DDKN-PLT-BLK,DUDUKAN PLAT AEROX FULLSET HITAM,2.13 ARUMI,14,51.200,54.016
951,DDKN-PLT-SLVR,DUDUKAN PLAT AEROX FULLSET SILVER,2.13 ARUMI,7,51.200,54.016
952,TTNK-RED,TUTUP TANGKI MERAH,2.13 ARUMI,1,23.200,24.476
953,TTNK-BLK,TUTUP TANGKI HITAM,2.13 ARUMI,2,23.200,24.476
954,TTNK-SLVR,TUTUP TANGKI SILVER,2.13 ARUMI,5,23.200,24.476
955,TTNK-BLU,TUTUP TANGKI BIRU,2.13 ARUMI,7,23.200,24.476
956,TTNK-GOLD,TUTUP TANGKI GOLD,2.13 ARUMI,9,23.200,24.476
957,TPTL-BAN-RED,TUTUP PENTIL BAN MERAH,2.13 ARUMI,10,23.200,24.476
958,TPTL-BAN-BLU,TUTUP PENTIL BAN BIRU,2.13 ARUMI,13,23.200,24.476
959,TPTL-BAN-BLK,TUTUP PENTIL BAN HITAM,2.13 ARUMI,4,23.200,24.476
960,TPTL-BAN-SLVR,TUTUP PENTIL BAN SILVER,2.13 ARUMI,4,23.200,24.476
961,TPTL-BAN-GOLD,TUTUP PENTIL BAN GOLD,2.13 ARUMI,11,23.200,24.476
962,TTPBS-RED,TUTUP BAUD SPION MERAH,2.13 ARUMI,1,28.800,30.384
963,TTPBS-BLU,TUTUP BAUD SPION BIRU,2.13 ARUMI,3,28.800,30.384
964,TTPBS-BLK,TUTUP BAUD SPION HITAM,2.13 ARUMI,0,28.800,30.384
965,TTPBS-SLVR,TUTUP BAUD SPION SILVER,2.13 ARUMI,0,28.800,30.384
966,PENAHAN-RED,PENAHAN BEARING MERAH,2.13 ARUMI,2,31.200,32.816
967,PENAHAN-BLU,PENAHAN BEARING BIRU,2.13 ARUMI,2,31.200,32.816
968,PENAHAN-BLK,PENAHAN BEARING HITAM,2.13 ARUMI,1,31.200,32.816
969,PENAHAN-SLVR,PENAHAN BEARING SILVER,2.13 ARUMI,3,31.200,32.816
970,DDKN-ONL-BLK,DUDUDKAN PLAT ONLY HITAM,2.13 ARUMI,2,27.200,28.696
971,DDKN-ONL-SLVR,DUDUDKAN PLAT ONLY SILVER,2.13 ARUMI,3,27.200,28.696
972,GNTGN-UNV-RED,GANTUNGAN BARANG UNIVERSAL MERAH,2.13 ARUMI,8,50.000,-
973,GNTGN-UNV-BLU,GANTUNGAN BARANG UNIVERSAL BIRU,2.13 ARUMI,5,50.000,-
974,GNTGN-UNV-BLK,GANTUNGAN BARANG UNIVERSAL HITAM,2.13 ARUMI,10,50.000,-
975,GNTGN-UNV-SLVR,GANTUNGAN BARANG UNIVERSAL SILVER,2.13 ARUMI,12,50.000,-
976,GNTGN-UNV-GOLD,GANTUNGAN BARANG UNIVERSAL GOLD,2.13 ARUMI,9,50.000,-
977,CMTR-NMX-RED,COVER MASTER REM AEROX MERAH,2.13 ARUMI,5,39.200,41.356
978,CMTR-NMX-BLU,COVER MASTER REM AEROX BIRU,2.13 ARUMI,7,39.200,41.356
979,CMTR-NMX-BLK,COVER MASTER REM AEROX HITAM,2.13 ARUMI,1,39.200,41.356
980,CMTR-NMX-SLVR,COVER MASTER REM AEROX SILVER,2.13 ARUMI,7,39.200,41.356
981,CMTR-NMX-GOLD,COVER MASTER REM AEROX GOLD,2.13 ARUMI,5,39.200,41.356
982,CMTR-BT-RED,COVER MASTER REM BEAT MERAH,2.13 ARUMI,5,43.200,45.576
983,CMTR-BT-BLU,COVER MASTER REM BEAT BIRU,2.13 ARUMI,8,43.200,45.576
984,CMTR-BT-BLK,COVER MASTER REM BEAT HITAM,2.13 ARUMI,1,43.200,45.576
985,CMTR-BT-SVLR,COVER MASTER REM BEAT  SILVER,2.13 ARUMI,8,43.200,45.576
986,CMTR-BT-GOLD,COVER MASTER REM BEAT GOLD,2.13 ARUMI,17,43.200,45.576
987,GNTGN-SPN-RED,GANTUNGAN BARANG SPION MERAH,2.13 ARUMI,14,54.400,57.392
988,GNTGN-SPN-BLU,GANTUNGAN BARANG SPION BIRU,2.13 ARUMI,14,54.400,57.392
989,GNTGN-SPN-BLK,GANTUNGAN BARANG SPION HITAM,2.13 ARUMI,2,54.400,57.392
990,GNTGN-SPN-SLVR,GANTUNGAN BARANG SPION SILVER,2.13 ARUMI,12,54.400,57.392
991,GNTGN-SPN-GOLD,GANTUNGAN BARANG SPION GOLD,2.13 ARUMI,23,54.400,57.392
992,BUSHDA-RED,BUSHING AS RODA MERAH,2.13 ARUMI,0,54.400,57.392
993,BUSHDA-BLU,BUSHING AS RODA BIRU,2.13 ARUMI,3,54.400,57.392
994,BUSHDA-BLK,BUSHING AS RODA HITAM,2.13 ARUMI,2,54.400,57.392
995,BUSHDA-SLVR,BUSHING AS RODA SILVER,2.13 ARUMI,0,54.400,57.392
996,BUSHDA-GOLD,BUSHING AS RODA KUNING,2.13 ARUMI,1,54.400,57.392
997,GARDAN-RED,TUTUP OLI GARDAN MERAH,2.13 ARUMI,0,23.200,24.476
998,GARDAN-BLU,TUTUP OLI GARDAN BIRU,2.13 ARUMI,0,23.200,24.476
999,GARDAN-BLK,TUTUP OLI GARDAN HITAM,2.13 ARUMI,0,23.200,24.476
1000,GARDAN-SLVR,TUTUP OLI GARDAN SILVER,2.13 ARUMI,0,23.200,24.476
1001,KCP-KG,KACA SPION X1 KARBON GLOSSY,2.21 LAINNYA,32,50.000,-
1002,END MUFFLER,END MUFFLER ALL TYPE,2.20 ACESORIS,96,50.000,-
1003,1500-PLT-CTR,PER CENTRIK PLT 1500RPM,2.18 PLATINUM,320,8.500,18.500
1004,PAD-NMAX-BRT,DISPAD NMAX AEROX MIO M3,2.7 BRT,5,47.500,51.300
1005,PRKP-4994-DYT,PER KLEP DAYTONA RX KING 4494,2.6 DAYTONA,2,90.750,98.010
1006,TNSNR-5TL-X1,TENSIONER MIO SPORTY 5TL,2.24 X1 RACING,10,5,-
1007,TNSNR-K1A-X1,TENSIONER K1A MATIC HONDA,2.24 X1 RACING,5,5,-
1008,OTO-KWN-FCC,KAMPAS GANDA FCC VARIO 125,2.26 FCC PRODUCT,49,93.000,-
1009,OTO-K44-FCC,KAMPAS GANDA FCC BEAT POP,2.26 FCC PRODUCT,0,92.000,-
1010,OTO-KVY-FCC,KAMPAS GANDA FCC BEAT 110,2.26 FCC PRODUCT,9,96.000,-
1011,OTO-5TL-FCC,KAMPAS GANDA FCC  MIO SPORTY,2.26 FCC PRODUCT,22,96.000,-
1012,JLU-PPH-SLVR,JALU STANG PIPIH SILVER,2.13 ARUMI,12,38.400,40.512
1013,JLU-PPH-BLCK,JALU STANG PIPIH HITAM,2.13 ARUMI,11,38.400,40.512
1014,GARDAN-GOLD,TUTUP OLI GARDAN GOLD,2.13 ARUMI,0,23.200,24.476
1015,OLI-MSN-GOLD,TUTUP OLI MESIN GOLD ARUMI,2.13 ARUMI,3,31.200,32.816
1016,NKN-MNTH-KZL,NOKEN AS MENTAH X1 BEAT FI KZL,2.24 X1 RACING,9,97.500,150.000
1017,CVR-SEIN-KZR,COVER SEIN VARIO 125 HITAM,2.13 ARUMI,4,50.000,-
1018,CVR-SPINER,COVER RADIATOR SPINER BINTANG HONDA,2.13 ARUMI,9,50.000,-
1019,CVR -MSN-YMH,ARM COVER MESIN CRANKCASE HONDA YAMAHa,2.13 ARUMI,4,50.000,-
1020,CVR-LHR-AEROX,COVER LEHER RADIATOR AEROXX STAINLESS,2.13 ARUMI,6,50.000,-
1021,CVR-LHR-HTM,COVER RADIATOR VARIO 150 HITAM,2.13 ARUMI,4,70.400,76.032
1022,FRMLS-SLVR,FRAMLESS PCS SILVER,2.13 ARUMI,3,50.000,-
1023,PNGKON-HITAM,PANGKON KNALPOT HITAM,2.13 ARUMI,2,50.000,-
1024,PNGKON-BIRU,PANGKON KNALPOT BIRU,2.13 ARUMI,1,50.000,-
1025,CVR-MSN-NMAX,COVER MESIN NMAX HITAM,2.13 ARUMI,1,50.000,-
1026,FRM-HITAM,DUDUKAN PLAT NOMOR HITAM,2.13 ARUMI,4,50.000,-
1027,NKN-MNTH-KZR,NOKEN MENTAH VARIO 125,2.24 X1 RACING,13,107.500,157.000
1028,LHRN-PTTRN-H,COVER RADIATOR FULL LEHERAN 160 PATTERN HITAM,2.13 ARUMI,3,50.000,-
1029,LHRN-PTTRN-S,COVER RADIATOR FUL LEHERAN 160 PATTERN STAINLESS,2.13 ARUMI,2,50.000,-
1030,OTO-2DP-FCC,KAMPAS GANDA FCC 2DP,2.26 FCC PRODUCT,288,50.000,-
1031,OTO-XEON-FCC,KAMPAS GANDA FCC XEON 125,2.26 FCC PRODUCT,177,50.000,-
1032,OTO-54P-FCC,KAMPAS GANDA FCC MIO J,2.26 FCC PRODUCT,10,50.000,-
1033,PRKPLNG-R25,PER KOPLING R25 HARD RX7 RACING,2.12 RX7,1,200.000,216.000
1034,PRKPLNG-R15,PER KOPLING R15 V3 HARD,2.12 RX7,1,100.000,108.000
1035,PRKPLG-MXKNG,PER  KOPLING MX KING KOMPETISI,2.12 RX7,1,100.000,108.000
1036,PRKPLG-NINJA,PER KOPLING NINJA 150 HARD,2.12 RX7,1,90.000,97.200
1037,PRKPLG-FU150,PER KOPLING FU 150 HARD,2.12 RX7,1,50.000,-
1038,4070-REM-DYT,"KAMPAS REM BELAKANG NEW VIXION,R15",2.6 DAYTONA,3,29.250,31.590
1039,5297-REM-DYT,"KAMPAS REM BELAKANG DAYTONA SUZUKI FU,FI16UP",2.6 DAYTONA,3,29.250,31.590
1040,4065-REM-DYT,"KAMPAS REM DEPAN(SUPRAX125,SATRIAF150)NINJA250(FR,RR)",2.6 DAYTONA,3,29.250,31.590
1041,4075-REM-DYT,"KAMPAS REM DEPAN JUPITER Z,F1ZR,NEW RX KING",2.6 DAYTONA,3,29.250,31.590
1042,5298-REM-DYT,"KAMPAS REM DEPAN SUZUKI FU FI 16UP,GSX150 16UP",2.6 DAYTONA,3,29.250,31.590
1043,4071-REM-DYT,"KAMPAS REM DEPAN NEW BLADE,BLADE 125",2.6 DAYTONA,3,29.250,31.590
1044,5231-REM-DYT,KAMPAS REM DEPAN KAWASAKI KLX,2.6 DAYTONA,9,29.250,31.590
1045,5031-REM-DYT,"KAMPAS REM BELAKANG NEW MEGA PRO,CRF150LK84,CBR 150RR",2.6 DAYTONA,2,29.250,31.590
1046,5032-REM-DYT,"KAMPAS REM BELAKANG R15V3,VIXION R",2.6 DAYTONA,2,29.250,31.590
1047,5232-REM-DYT,KAMPAS REM BELAKANG KAWASAKI KLX,2.6 DAYTONA,3,29.250,31.590
1048,5178-REM-DYT,"KAMPAS REM DEPAN CRF 150,PCX150ABS,ADV150ABS",2.6 DAYTONA,0,29.250,31.590
1049,4067-REM-DYT,"KAMPAS REM DEPAN CBR 150R,CBR150R-K45,VERZA",2.6 DAYTONA,0,29.250,31.590
1050,BELT-B65-UMA,"VBELT UMA RACING (B65)NMAX,AEROX155",2.15 UMA RACING,5,5,-
1051,BELT-K36-UMA,BELT VARIO 150 K36,2.15 UMA RACING,9,5,-
1052,PWK-30-UMA,KARBURATOR PWK UMA RACING V3 30MM,2.15 UMA RACING,1,5,-
1053,PWK-32-UMA,CARBURTAOR PWKV3 32MM,2.15 UMA RACING,2,5,-
1054,PWK-28-UMA,KARBU PWK UMA RACING 28MM V3,2.15 UMA RACING,1,5,-
1055,COIL-CRBU,COIL KARBU UMA RACING,2.15 UMA RACING,0,5,-
1056,COIL-IJKSI,COIL INJEKSI UMA RACING,2.15 UMA RACING,3,5,-
1057,"NMAX-1,5-UMA",PER CVT NMAX 1500 UMA RACING,2.15 UMA RACING,2,5,-
1058,"PCX-1,5-UMA",P.CVT VARIO 150/160 1500 UMA RACING,2.15 UMA RACING,0,5,-
1059,BUSI-PNDK,BUSI A6RTC PENDEK UMA RACING,2.15 UMA RACING,4,5,-
1060,FLTR-XMAX-BIG,FILTER XMAX BIG UMA,2.15 UMA RACING,0,5,-
1061,FLTR-XMAX-SML,FILTER XMAX SMALL UMA,2.15 UMA RACING,1,5,-
1062,SELANG-GOLD,SELANG HAWA KUNING UMA RACING,2.15 UMA RACING,11,5,-
1063,SELANG-BLU,SELANG HAWA BIRU UMA RACING,2.15 UMA RACING,0,5,-
1064,XMAX-17-UMA,ROLLER  XMAX UMA RACING,2.15 UMA RACING,10,5,-
1065,XMAX-18-UMA,ROLLER XMAX 18 GRAM UMA RACING,2.15 UMA RACING,11,5,-
1066,XMAX-19-UMA,ROLLER XMAX 19 GRAM UMA RACING,2.15 UMA RACING,10,5,-
1067,BOSH-VARIO,BOSH RUMAH ROLLER VARIO 125/150,2.11 PROPER,3,155.000,167.400
1068,COIL-CARBU,COIL CARBURATOR,2.11 PROPER,5,140.000,151.200
1069,TPS-AEROX,SENSOR TPS AEROX,2.11 PROPER,3,268.000,289.440
1070,TPS-NMAX,SENSOR TPS NMAX,2.11 PROPER,5,268.000,289.440
1071,TPS-GENIO,SENSOR TPS GENIO,2.11 PROPER,8,231.000,249.480
1072,TPS-VARIO,SENSOR TPS VARIO 125,2.11 PROPER,8,231.000,249.480
1073,TPS-XMAX,SENSOR TPS XMAX,2.11 PROPER,1,268.000,289.440
1074,ISC-AEROX,ISC AEROX PROPER RACING,2.11 PROPER,6,87.000,93.960
1075,ISC-PCX150,ISC PCX 150 PROPER RACING,2.11 PROPER,2,83.500,90.180
1076,ISC-XMAX,ISC XMAX PROPER RACING,2.11 PROPER,10,117.000,126.360
1077,ISC-NMAX,ISC  NMAX PROPER RACING,2.11 PROPER,5,87.000,93.960
1078,ISC-VARIO,ISC VARIO 125/150 PROPER RACING,2.11 PROPER,3,100.000,108.000
1079,GRIP-HG55,HANDGRIP RCB BLACK,2.14 RCB,0,47.000,50.760
1080,LMPU-MAKO,LAMPU BOHLAM GOLDEN MAKO,2.21 LAINNYA,44,5,-
1081,KVY-RM-MAKO,"SEAL MASTER REM KVY(BEAT,BEAT FI,VARIO125,SPACY/FI,PCX150",2.21 LAINNYA,20,5,-
1082,TPS-MIOM3,SENSOR TPS MIO M3,2.11 PROPER,3,231.000,249.480
1083,TPS-PCX150,SENSOR TPS PCX 150,2.11 PROPER,3,268.000,289.440
1084,BOSH-KOJ,"BOSH RUMAH ROLLER KOJ(BEAT NEW,SCOOPY NEW)",2.11 PROPER,4,140.000,151.200
1085,TPS-PCX160,SENSOR TPS PCX 160,2.11 PROPER,3,268.000,289.440
1086,BOSH-K97,"BOSH RUMAH ROLLER (ADV150,PCX150,VARIO160)",2.11 PROPER,1,155.000,167.400
1087,COIL-INJK,COIL IJEKSI PROPER,2.11 PROPER,5,140.000,151.200
1088,BOSH-KIZ,BOSH RUMAH ROLLER PCX 160/ADV 160,2.11 PROPER,4,155.000,167.400
1089,BOSH-5TL,BOSH RUMAH ROLLER 5TL,2.11 PROPER,5,128.000,138.240
1090,BOSH-K44,BOSH RUMAH ROLLER K44,2.11 PROPER,4,140.000,151.200
1091,BOSH-XMAX,BOSH RUMAH ROLLER XMAX,2.11 PROPER,2,240.000,259.200
1092,BOSH-2PH,"BOSH RUMAH ROLLER 2PH(MIOM3,FREEGO)",2.11 PROPER,2,140.000,151.200
1093,ISC-PCX160,ISC PCX 160 PROPER,2.11 PROPER,0,83.500,90.180
1094,ISC-CBR150,ISC CBR 150 PROPER,2.11 PROPER,0,83.500,90.180
1095,BOSH-KVY,BOSH RUMAH ROLLER BEAT KARBU,2.11 PROPER,2,128.000,138.240
1096,KTR-NMAX,KOMSTIR NMAX OLD PROPER,2.11 PROPER,1,94.000,101.520
1097,KTR-AEROX,KOMSTIR AEROX PROPER,2.11 PROPER,2,94.000,101.520
1098,KTR-MIOJ,KOMSTIR MIO J PROPER,2.11 PROPER,2,87.500,94.500
1099,KTR-BEAT,KOMSTIR VARIO 125 PROPER,2.11 PROPER,9,94.000,101.520
1100,BOSH-KZR,BOSH RUMAH ROLLER KZR,2.11 PROPER,6,155.000,167.400
1101,BOSH-B65,"BOSH RUMAH ROLLER AEROX 155,NMAX",2.11 PROPER,5,155.000,167.400
1102,RING-BEAT,RING BEAT PROPER,2.11 PROPER,19,24.000,25.920
1103,RING-VARIO,RING VARIO 150 PROPER,2.11 PROPER,25,24.000,25.920
1104,RING-NMAX,RING NMAX PROPER,2.11 PROPER,6,24.000,25.920
1105,RING-MIO,RING MIO PROPER,2.11 PROPER,5,24.000,25.920
1106,CH-B65-KL,"MANGKOK GANDA PROPER NMAX-AEROX,KARTEL LURUS",2.11 PROPER,4,260.000,280.800
1107,CH-KVB-KL,MANGKOK GANDA PROPER VARIO 125/150,2.11 PROPER,2,260.000,280.800
1108,BELT-54P,VBELT PROPER 54P MIO J-MIO GT115-SOUL GT 155-FINO155-XRIDE 155,2.11 PROPER,1,132.000,142.560
1109,RING-MIOM3,RING MIO M3-MIO-FAZZIO,2.11 PROPER,15,24.000,25.920
1110,CVT-THAI,PER CVT THAILAND,2.17 YGP,106,19.500,35.000
1111,K59-RM-MAKO,SEAL MASTER REM GOLDEN MAKO K59,2.21 LAINNYA,10,5,-
1112,5PO-RM-MAKO,"SEAL MASTER REM GOLDEN MAKO MIO,JUPITER MX ALL YAMAHA",2.21 LAINNYA,9,5,-
1113,M5AFT-003,SARINGAN FILTER CPO,2.25 CPO RACING,1,55.000,58.300
1114,M5AFT-004,SARINGAN FILTER CPO,2.25 CPO RACING,4,55.000,58.300
1115,CPOS4-8H150,INJEKTOR S4 8H 150CC CPO,2.25 CPO RACING,6,5,-
1116,CPOS4-8H140,INJEKTOR S4 8H 140CC CPO,2.25 CPO RACING,4,5,-
1117,CPOS4-8H180,INJEKTOR S4 8H 180CC CPO,2.25 CPO RACING,3,5,-
1118,CPOS4-6H130,INJEKTOR S4 6H 130CC CPO,2.25 CPO RACING,17,5,-
1119,B74-E7674-00,BOSH RUMAH ROLLER B74,2.16 HGP,41,5,-
1120,CARB-CLEANER,CARBUCLEANER,2.21 LAINNYA,0,20.500,-
1121,KVB-CEWEK,PULLY CEWEK VARIO110 FCC,2.26 FCC PRODUCT,18,226.000,245.000
1122,K44-CEWEK,PULLY CEWEK BEAT POP,2.26 FCC PRODUCT,18,114.000,123.120
1123,K46-CEWEK,PULLY CEWEK SCOOPY ESP,2.26 FCC PRODUCT,12,120.000,129.600
1124,KZR-CEWEK,PULLY CEWEK VARIO 125,2.26 FCC PRODUCT,21,100.000,110.000
1125,KZR-COWOK,PULLY CEWEK VARIO125,2.26 FCC PRODUCT,16,197.000,213.000
1126,KVY-CEWEK,PULLY CEWEK BEAT KARBU,2.26 FCC PRODUCT,19,135.000,146.000
1127,KVY-COWOK,PULLY BEAT KARBU COWOK FCC,2.26 FCC PRODUCT,19,129.000,140.000
1128,CH-44D-M1-KL,KARTEL LURUS-MANGKOK GANDA CUTOM,2.1 CH-MANGKOK GANDA CUSTOM,1,118.000,149.400
1129,SLDNG-08DRP,SLIDING ROLLER DR PULLEY 8 GRAM NMAX,2.10 DR PULLEY,28,5,-
1130,"MIOJ-CVT1,0",PER CVTDAYTONA MIO J 1000 RPM,2.6 DAYTONA,125,74.250,80.190
1131,FC K2S,RUMAH ROLLER BUBUT,2.2 FC-RUMAH ROLLER,0,119.000,240.000
1132,K2S-BELT-DYT,VBELT DAYTONA VARIO 160,2.6 DAYTONA,13,115.500,124.740
1133,CDI-STMIO-BRT,CDI DUAL BAND  MIO OLD ST MIO SOUL,2.7 BRT,4,507.500,548.100
1134,CDI-TRKVY-BRT,"CDI DUAL BAND  BEAT,SCOPPY,SPACY",2.7 BRT,4,555.000,599.400
1135,CDI-STKVY-BRT,"CDI DUAL BAND  BEAT,SCOPPY,SPACY",2.7 BRT,3,555.000,599.400
1136,K97-BELT,"VBELT DAYTONA PCX 150,ADV150",2.6 DAYTONA,0,116.250,125.550
1137,SLDNG-17-DRP,SLIDING ROLLER XMAX 250CC 17 GRM,2.10 DR PULLEY,37,5,5
1138,FORK-5W-MTL,OLI SHOK FORK OIL LIGHT SAE 5W,2.19 OLI,10,5,-
1139,ASPLY-2DP-X1,SEAL AS PULLY BLKG 2DP,2.24 X1 RACING,14,5,-
1140,NOK-X1M-BEAT KARBU,NOKEN AS MENTAH BEAT KARBU X1,2.24 X1 RACING,9,90.000,150.000
1141,NKN-MNTH-K1Z,NOKEN AS MENTAH PCX 160,2.24 X1 RACING,7,105.000,147.000
1142,NKN-MNTH-KOJ,NOKEN AS MENTAH GENIO,2.24 X1 RACING,10,99.500,138.000
1143,FORK-FLUID-1L,IPONE FORK FLUID 1L,2.19 OLI,5,5,-
1144,SCOT-5W40-1L,IPONE SCOOT 5W-40 1L,2.19 OLI,5,5,-
1145,TPS-2DP-CPO,SENSOR TPS CPO NMAX OLD,2.25 CPO RACING,1,204.000,216.240
1146,CH-54PKS-PM,MANGKOK KARTEL SILANG POWER MAXX,2.22 POWER MAXX-CH,1,155,-
1147,BUSHING-HNDA,BUSHING HONDA KARET MOUNTING,2.16 HGP,10,5,-
1148,LMPU-OSRAM,LAMPU OSRAM LED,2.20 ACESORIS,23,5,-
1149,1000-PM-CTR,PER SENTRIK POWER MAXX 1000 RPM,2.28 POWER MAXX,380,8.500,18.500
1150,1200-PM-CTR,PER CENTRIK POWER MAXX 1200 RPM,2.28 POWER MAXX,545,8.500,18.500
1151,1500-PM-CTR,PER CENTRIK POWER MAXX 1500 RPM,2.28 POWER MAXX,229,8.500,18.500
1152,1800-PM-CTR,PER CENTRIK POWER MAXX 1800 RPM,2.28 POWER MAXX,0,8.500,18.500
1153,2000-PM-CTR,PER CENTRIK POWER MAXX 2000 RPM,2.28 POWER MAXX,0,8.500,18.500
1154,1000-BEAT-PM,PER CVT BEAT POWER MAXX 1000 RPM,2.27 POWER MAXX PER CVT,761,16.500,39.500
1155,1200-BEAT-PM,PER CVT BEAT POWER MAXX 1200 RPM,2.27 POWER MAXX PER CVT,347,16.500,39.500
1156,1500-BEAT-PM,PER CVT BEAT POWER MAXX 1500 RPM,2.27 POWER MAXX PER CVT,0,16.500,39.500
1157,2000-BEAT-PM,PER CVT BEAT POWER MAXX 2000 RPM,2.27 POWER MAXX PER CVT,0,16.500,39.500
1158,1000-XMAX-PM,PER CVT POWER MAXX XMAX 1000 RPM,2.27 POWER MAXX PER CVT,0,16.500,39.500
1159,1200-XMAX-PM,PER CVT XMAX POWER MAXX 1200 RPM,2.27 POWER MAXX PER CVT,0,16.500,39.500
1160,1500-XMAX-PM,PER CVT XMAX POWER MAXX 1500 RPM,2.27 POWER MAXX PER CVT,0,16.500,39.500
1161,2000-XMAX-PM,PER CVT XMAX POWER MAXX 2000 RPM,2.27 POWER MAXX PER CVT,0,16.500,39.500
1162,1000-MIO-PM,PER CVT MIO POWER MAXX 1000 RPM,2.27 POWER MAXX PER CVT,0,16.500,39.500
1163,1200-MIO-PM,PER CVT MIO POWER MAXX 1200 RPM,2.27 POWER MAXX PER CVT,0,16.500,39.500
1164,1500-MIO-PM,PER CVT MIO POWER MAXX 1500 RPM,2.27 POWER MAXX PER CVT,47,16.500,39.500
1165,2000-MIO-PM,PER CVT MIO POWER MAXX 2000 RPM,2.27 POWER MAXX PER CVT,244,16.500,39.500
1166,1000-PCX-PM,PER CVT PCX POWER MAXX 1000 RPM,2.27 POWER MAXX PER CVT,451,16.500,39.500
1167,1200-PCX-PM,PER CVT PCX POWER MAXX 1200 RPM,2.27 POWER MAXX PER CVT,299,16.500,39.500
1168,1500-PCX-PM,PER CVT PCX POWER MAXX 1500 RPM,2.27 POWER MAXX PER CVT,0,16.500,39.500
1169,2000-PCX-PM,PER CVT PCX POWER MAXX 2000 RPM,2.27 POWER MAXX PER CVT,0,16.500,39.500
1170,1000-NMAX-PM,PER CVT NMAX POWER MAXX 1000 RPM,2.27 POWER MAXX PER CVT,128,16.500,39.500
1171,1200-NMAX-PM,PER CVT NMAX POWER MAXX 1200 RPM,2.27 POWER MAXX PER CVT,538,16.500,39.500
1172,1500-NMAX-PM,PER CVT NMAX POWER MAXX 1500 RPM,2.27 POWER MAXX PER CVT,298,16.500,39.500
1173,2000-NMAX-PM,PER CVT NMAX POWER MAXX 2000 RPM,2.27 POWER MAXX PER CVT,0,16.500,39.500
1174,1000-MIO J-PM,PER CVT MIO J POWER MAXX 1000 RPM,2.27 POWER MAXX PER CVT,0,16.500,39.500
1175,1200-MIO J-PM,PER CVT MIO J POWER MAXX 1200 RPM,2.27 POWER MAXX PER CVT,0,16.500,39.500
1176,1500-MIO J-PM,PER CVT MIO J POWER MAXX 1500 RPM,2.27 POWER MAXX PER CVT,0,16.500,39.500
1177,2000-MIO J-PM,PER CVT MIO J POWER MAXX 2000 RPM,2.27 POWER MAXX PER CVT,0,16.500,39.500
1178,5TL- SLD-PM,SLIDER 5TL POWER MAXX,2.28 POWER MAXX,756,6.500,12.500
1179,KVY-SLD-PM,SLIDER KVY POWER MAXX,2.28 POWER MAXX,547,6.500,12.500
1180,KWN-SLD-PM,SLIDER KWN POWER MAXX,2.28 POWER MAXX,679,6.500,12.500
1181,MIO-PM O7 GRM,ROLLER MIO POWER MAXX 07 GRAM,2.29 POWER MAXX ROLLER,0,22.500,52.500
1182,MIO-PM 08 GRM,ROLLER MIO POWER MAXX 08 GRAM,2.29 POWER MAXX ROLLER,0,22.500,52.500
1183,MIO-PM 09 GRM,ROLLER MIO POWER MAXX  09 GRAM,2.29 POWER MAXX ROLLER,831,22.500,52.500
1184,MIO-PM 10 GRM,ROLLER MIO POWER MAXX 10 GRAM,2.29 POWER MAXX ROLLER,0,22.500,52.500
1185,KVY-PM 07 GRM,ROLLER KVY POWER MAXX  07 GRAM,2.29 POWER MAXX ROLLER,0,22.500,52.500
1186,KVY-PM 08 GRM,ROLLER KVY POWER MAXX 08 GRAM,2.29 POWER MAXX ROLLER,0,22.500,52.500
1187,KVY-PM 09 GRM,ROLLER KVY POWER MAXX 09 GRAM,2.29 POWER MAXX ROLLER,0,22.500,52.500
1188,KVY-PM 10 GRM,ROLLER KVY POWER MAXX 10 GRAM,2.29 POWER MAXX ROLLER,0,22.500,52.500
1189,K44-PM 07 GRM,ROLLER K44 POWER MAXX 07 GRAM,2.29 POWER MAXX ROLLER,0,22.500,52.500
1190,K44-PM 08 GRM,ROLLER K44 POWER MAXX 08 GRAM,2.29 POWER MAXX ROLLER,0,22.500,52.500
1191,K44-PM 09 GRM,ROLLER K44 POWER MAXX 09 GRAM,2.29 POWER MAXX ROLLER,228,22.500,52.500
1192,K44-PM 10 GRM,ROLLER K44 POWER MAXX 10 GRAM,2.29 POWER MAXX ROLLER,229,22.500,52.500
1193,K44-PM 11 GRM,ROLLER K44 POWER MAXX 11 GRAM,2.29 POWER MAXX ROLLER,347,22.500,52.500
1194,K44-PM 12 GRM,ROLLER K44 POWER MAXX 12 GRAM,2.29 POWER MAXX ROLLER,209,22.500,52.500
1195,K44-PM 13 GRM,ROLLER K44 POWER MAXX 13 GRAM,2.29 POWER MAXX ROLLER,0,22.500,52.500
1196,NMAX-PM 07 GRM,ROLLER NMAX POWER MAXX 07 GRAM,2.29 POWER MAXX ROLLER,0,22.500,57.500
1197,NMAX-PM 08 GRM,ROLLER NMAX POWER MAXX 08 GRAM,2.29 POWER MAXX ROLLER,0,22.500,57.500
1198,NMAX-PM 09 GRM,ROLLER NMAX POWER MAXX 09 GRAM,2.29 POWER MAXX ROLLER,318,22.500,57.500
1199,NMAX-PM 10 GRM,ROLLER NMAX POWER MAXX 10 GRAM,2.29 POWER MAXX ROLLER,386,22.500,57.500
1200,NMAX-PM 11 GRM,ROLLER NMAX POWER MAXX 11 GRAM,2.29 POWER MAXX ROLLER,362,22.500,57.500
1201,NMAX-PM 12 GRM,ROLLER NMAX POWER MAXX 12 GRAM,2.29 POWER MAXX ROLLER,407,22.500,57.500
1202,PCX-PM 08 GRM,ROLLER PCX POWER MAXX 08 GRAM,2.29 POWER MAXX ROLLER,0,22.500,57.500
1203,PCX-PM 09 GRM,ROLLER PCX POWER MAXX 09 GRAM,2.29 POWER MAXX ROLLER,224,22.500,57.500
1204,PCX-PM 10 GRM,ROLLER PCX POWER MAXX 10 GRAM,2.29 POWER MAXX ROLLER,200,22.500,57.500
1205,PCX-PM 11 GRM,ROLLER PCX POWER MAXX 11 GRAM,2.29 POWER MAXX ROLLER,200,22.500,57.500
1206,PCX-PM 12 GRM,ROLLER PCX POWER MAXX 12 GRAM,2.29 POWER MAXX ROLLER,215,22.500,57.500
1207,PCX-PM 13 GRM,ROLLER PCX POWER MAXX 13 GRAM,2.29 POWER MAXX ROLLER,121,22.500,57.500
1208,PCX-PM 14 GRM,ROLLER PCX POWER MAXX 14 GRAM,2.29 POWER MAXX ROLLER,200,22.500,57.500
1209,PCX-PM 15 GRM,ROLLER PCX POWER MAXX 15 GRAM,2.29 POWER MAXX ROLLER,159,22.500,57.500
1210,PE28-TDR,KARBURATOR PE 28 TDR,2.8 TDR,1,5,-
